Sensor,Monitoring: Y,Monitoring: M,Monitoring: W,Monitoring: D,Uptime: Y,Uptime: M,Uptime: W,Uptime: D,Integration Monitoring: Y,Integration Monitoring: M,Integration Monitoring: W,Integration Monitoring: D,Integration Uptime: Y,Integration Uptime: M,Integration Uptime: W,Integration Uptime: D
ab_permission,0,0,0,0,0,0,0,0,0,0,0,0,0,0,0,0
ab_permission_view_role,0,0,0,0,0,0,0,0,0,0,0,0,0,0,0,0
ab_permission_view,0,0,0,0,0,0,0,0,0,0,0,0,0,0,0,0
ab_register_user,0,0,0,0,0,0,0,0,0,0,0,0,0,0,0,0
ab_role,0,0,0,0,0,0,0,0,0,0,0,0,0,0,0,0
ab_user_role,0,0,0,0,0,0,0,0,0,0,0,0,0,0,0,0
ab_user,0,0,0,0,0,0,0,0,0,0,0,0,0,0,0,0
ab_view_menu,0,0,0,0,0,0,0,0,0,0,0,0,0,0,0,0
aco_ccl_301_cvpsa_001,41.4357584,69.22711759,94.41391933,94.95341,99.99136691,99.9910072,99.9998071,99.99884261,51.73050026,86.72333597,94.84264567,95.12238,65.16907544,68.52336959,80.92207057,40.67130527
aco_ccl_308_cvpsa_001,42.07303062,70.32576555,94.50016,94.95352,99.99995548,99.9999537,99.9998071,99.99884261,51.7307348,86.72374166,94.981925,94.98376,52.23853719,56.1080568,94.16906801,97.51258138
aco_ccl_ft_fb001,91.76887717,94.48183024,94.743805,94.9991,99.26107392,99.92373978,99.99465044,99.96790296,93.60512112,94.68659617,94.97406833,94.98605,99.99999677,99.99996009,99.9998071,99.99884261
aco_ccl_ft_fb002,93.06141564,94.71074617,94.99843433,94.99777,99.2662853,99.92077464,99.99494211,99.96965294,94.23560625,94.68370455,95.04781567,95.11902,99.99999679,99.99996009,99.9998071,99.99884261
aco_ccl_ft_fb003,93.11634535,94.71512934,95.04431233,94.998405,99.26709382,99.92145478,99.9998071,99.99884261,94.21416636,94.68617797,94.998201,94.97493,99.99918292,99.99996009,99.9998071,99.99884261
aco_ccl_ft_fb004,93.21540301,94.70116272,95.0448,94.99889,99.26792077,99.9229055,99.99689777,99.98138681,94.20327678,94.67256672,95.04446067,95.11378,99.99918288,99.99996009,99.9998071,99.99884261
aco_ccl_ft_fb005,93.15096735,94.7593681,95.0685355,94.99992,98.3539927,99.92160698,99.9998071,99.99884261,94.21537456,94.73107007,95.06962067,95.11607,99.99918288,99.99996009,99.9998071,99.99884261
aco_ccl_ft_fb006,93.36567586,94.76308828,95.0669865,94.99903,98.3620515,99.92032374,99.9998071,99.99884261,94.2336139,94.73851969,95.07142667,94.97871,99.99918226,99.99996009,99.9998071,99.99884261
aco_ccl_ft_fc601,92.93495431,94.77377741,95.115056,95.13851,96.84045319,95.96481549,99.9998071,99.99884261,94.25349766,94.78656659,95.11776317,95.11769,99.17100028,99.99996009,99.9998071,99.99884261
aco_ccl_ft_fc602,92.52944433,94.79279076,95.16110367,95.13725,96.84003778,95.97005453,99.99757294,99.98543776,94.24848579,94.78488066,95.14215833,95.11947,98.85924109,99.99996009,99.9998071,99.99884261
aco_ccl_ft_fc621,92.85829923,94.83163321,95.16188733,95.13833,98.97459785,95.9651948,99.99429211,99.96575299,94.26179083,94.79685845,95.1216975,94.982735,99.68560404,99.99996009,99.9998071,99.99884261
aco_ccl_server_frothsensor,92.49196229,94.39212121,94.68074917,94.923615,94.9414008,85.33284132,29.67980039,99.99884261,0,0,0,0,0,0,0,0
aco_dsn_308_cvpsa_001,85.37928952,90.3856501,90.732405,90.83092,99.99293614,99.99178578,99.9998071,99.99884261,92.31600231,90.57478797,90.90804667,90.82176,94.64812843,99.99864147,99.99343378,99.99884261
aco_dsn_309_cvpsa_001,87.99831808,87.07437462,83.255984,90.971466,99.99274943,99.99230492,99.9998071,99.99884261,92.32168473,90.58984121,90.93281017,90.82345,94.64834478,99.99864547,99.99345311,99.99884261
aco_dsn_ft_601_inner,90.80686764,90.41561807,90.693591,90.97094,98.20354748,99.77751811,99.99970543,99.99884261,93.1298107,90.57103034,90.9347975,90.82054,99.99999677,99.99996009,99.9998071,99.99884261
aco_dsn_ft_601_outer,91.81005899,90.61712541,90.97161767,90.83309,95.37668244,99.77491263,99.9998071,99.99884261,93.12844078,90.60135003,90.91489267,90.79479,99.39686034,99.99996009,99.9998071,99.99884261
aco_dsn_ft_602_inner,91.82565942,90.64090393,90.9944685,90.97132,95.37465103,99.77877773,99.99957943,99.99884261,93.14358279,90.6215401,90.98576317,90.93538,99.39666745,99.99996009,99.9998071,99.99884261
aco_dsn_ft_602_outer,91.84507266,90.65056134,91.01771933,90.97097,95.37807589,99.77781328,99.9998071,99.99884261,93.14364606,90.66672969,91.01322017,90.83157,99.39671397,99.99996009,99.9998071,99.99884261
aco_dsn_ft_621_inner,91.85273249,90.703308,91.0177475,90.97097,95.37830478,99.77764259,99.99958043,99.99884261,93.15832652,90.6888599,91.07922917,90.936325,99.39693329,99.99996009,99.9998071,99.99884261
aco_dsn_ft_621_outer,91.85900464,90.70811021,91.08694167,90.97158,93.23445089,99.77544463,99.9998071,99.99884261,93.15459247,90.70197369,91.01592583,90.76463,99.39699836,99.99996009,99.9998071,99.99884261
aco_dsn_ft_622_inner,91.84062516,90.73700566,91.0876785,90.83278,95.37804261,99.77815814,99.9998071,99.99884261,93.14682919,90.68282762,90.99279533,90.76463,99.39726719,99.99996009,99.9998071,99.99884261
aco_dsn_ft_622_outer,91.84794666,90.74174348,91.1105425,90.83262,95.3767466,99.77871997,99.9998071,99.99884261,93.15000437,90.70999772,91.05851983,90.93851,99.39684856,99.99996009,99.9998071,99.99884261
aco_dsn_ft_641_inner,91.85135511,90.73684172,91.1104535,90.97189,95.37761023,99.77826259,99.9998071,99.99884261,93.16265049,90.70600041,91.10343,90.9661,99.39728405,99.99996009,99.9998071,99.99884261
aco_dsn_ft_641_outer,91.03618978,90.765696,91.18007333,91.1111,95.35411981,99.7776579,99.9998071,99.99884261,93.1781886,90.71456586,91.09760083,91.07871,99.99999677,99.99996009,99.9998071,99.99884261
aco_dsn_ft_642_inner,91.87774178,90.77511083,91.1335175,91.24906,95.37883481,99.77844673,99.9998071,99.99884261,93.17803215,90.7435689,91.120126,91.081375,99.39702463,99.99996009,99.9998071,99.99884261
aco_dsn_ft_642_outer,91.88578541,90.78938728,91.20278333,91.24861,95.37507412,99.7777128,99.9998071,99.99884261,93.20251251,90.74265621,91.15904917,91.22688,99.99999677,99.99996009,99.9998071,99.99884261
aco_dsn_server_frothsensor,91.22902828,90.36893328,90.85551583,89.78125,99.99999677,99.99996009,99.9998071,99.99884261,0,0,0,0,0,0,0,0
aco_gdn_cvpsa_001,90.68944801,92.69734231,95.149065,95.12276,97.09829258,98.96563395,97.48333695,99.41521936,91.43903677,92.71168062,95.258395,95.11582,98.87646423,99.88804962,99.97553798,99.99884261
aco_gdn_server_system_health,86.918496,90.20262634,92.98610983,91.515045,99.89961705,99.99996009,99.9998071,99.99884261,0,0,0,0,0,0,0,0
aco_ghd_cvpsa_001,0,0,0,0,0,0,0,0,0,0,0,0,0,0,0,0
aco_grs_primary_ft_001_inner,90.73006923,92.70228986,95.25077667,95.13387,94.4012985,79.223831,94.91894023,99.99884261,91.50151567,92.70450548,95.09633067,95.09759,98.74306736,95.09822043,76.30810163,99.99884261
aco_grs_primary_ft_001_outer,90.45844769,92.76239093,95.15836433,95.13397,84.90965889,82.47151171,94.91122442,99.99884261,91.66657419,92.75011614,95.18913333,95.07436,97.73899523,91.37529257,58.31397785,99.99884261
aco_grs_primary_ft_002_inner,91.40967593,92.76263631,95.18158417,95.13493,95.99412964,83.37957969,94.91097858,99.99884261,91.99627181,92.72312255,95.28197233,95.350685,98.51282959,91.36520809,58.26523627,99.99884261
aco_grs_primary_ft_002_outer,91.5450151,92.82070831,95.275055,95.41183,95.58891725,88.22475565,94.93316271,99.99884261,91.91013228,92.74878621,95.25879717,95.350685,98.46968922,91.2291978,57.60785421,99.99884261
aco_grs_primary_ft_003_inner,91.44946538,92.845853,95.34348383,95.411964,99.95495633,99.98939837,99.96190717,99.99884261,92.03948083,92.77821872,95.28197233,95.07291,98.97530695,91.72122795,59.98599629,99.99884261
aco_grs_primary_ft_003_outer,91.52412156,92.85172014,95.36831117,95.412766,99.95063445,99.99173251,99.9628105,99.99884261,91.88902608,92.77366293,95.35610167,95.35702,99.17765186,92.56595502,64.06883758,99.99884261
aco_grs_primary_ft_004_inner,91.61257512,92.28862141,92.99001583,95.41184,95.92609667,82.73782236,94.9181719,99.99884261,92.06324832,92.73624,95.28869,95.35768,99.36107298,99.9497229,99.7569944,99.99884261
aco_grs_primary_ft_004_outer,86.60804306,32.86480766,90.50611767,95.13356,63.93870262,99.9880081,99.94603654,99.99884261,92.09215399,92.77986855,95.37040583,95.39703,99.95089773,99.79150276,98.99226488,99.99884261
aco_grs_secondary_ft_001_inner,91.67641654,92.81469672,95.36745583,95.41214,95.95706863,81.44527074,94.96646014,99.99884261,91.99010953,92.84054972,95.35242167,95.37639,98.41092079,91.24993282,57.70807335,99.99884261
aco_grs_secondary_ft_001_outer,91.58251318,92.85206928,95.38851667,95.41257,96.82811016,79.66543752,94.96485515,99.99884261,91.90570307,92.81170007,95.31742767,95.36395,98.44582794,91.38923266,58.38135488,99.99884261
aco_grs_secondary_ft_002_inner,91.68422312,92.85712103,95.38894317,95.412704,96.80463618,83.2555976,94.96035849,99.99884261,92.04557015,92.58398,94.460385,95.351364,98.47385591,91.39041459,58.38706754,99.99884261
aco_grs_secondary_ft_002_outer,91.48605744,92.87559286,95.36747917,95.41302,96.50819409,77.27722085,94.95212417,99.99884261,91.95301593,92.79229507,95.30521833,95.35137,98.86269241,95.44864673,78.0018262,99.99884261
aco_grs_secondary_ft_003_inner,91.51474733,92.89983883,95.380506,95.40536,77.46225451,0,0,0,91.97602936,92.82944938,95.3614875,95.384995,99.89262667,99.99996009,99.9998071,99.99884261
aco_grs_secondary_ft_003_outer,91.60012196,92.86111869,95.38841167,95.41255,97.54898854,89.87575779,94.96009949,99.99884261,91.98046073,92.87031731,95.26553833,95.35768,99.35480934,92.51515366,63.82329805,99.99884261
aco_grs_secondary_ft_004_inner,91.601215,92.94684338,95.38856833,95.41271,96.80193376,82.96258244,94.95877016,99.99884261,92.03491766,92.82482621,95.31184517,95.35768,98.71333179,91.40820142,58.47303704,99.99884261
aco_grs_secondary_ft_004_outer,87.912269,92.91275293,95.390144,95.413414,89.85970745,88.60864153,94.95944582,99.99884261,88.24269683,92.82390903,95.25317567,95.36818,99.36885324,99.99996009,99.9998071,99.99884261
aco_grs_server_froth,88.31176375,89.80200372,93.356674,91.86806,99.55085497,99.99996009,99.9998071,99.99884261,0,0,0,0,0,0,0,0
aco_mor_008_cvpsa_001,87.97084883,94.71448083,94.91643,95.41271,99.93480387,99.97555265,99.98962312,99.99884261,90.76756308,94.86437462,95.20564,95.41636,46.858087,65.411696,81.53857088,0
aco_mor_crusher_cvpsa_001,89.68042873,94.27744124,93.71756833,95.36961,99.99631664,99.98446837,99.9998071,99.99884261,90.87258261,94.94654962,95.34027933,95.38311,4.219079925,8.276288442,7.338191011,0
aco_mor_ft_301_primary,0,0,0,0,0,0,0,0,0,0,0,0,0,0,0,0
aco_mor_ft_302_primary,0,0,0,0,0,0,0,0,0,0,0,0,0,0,0,0
aco_mor_ft_303_primary,0,0,0,0,0,0,0,0,0,0,0,0,0,0,0,0
aco_mor_ft_304_primary,0,0,0,0,0,0,0,0,0,0,0,0,0,0,0,0
aco_mor_ft_305_primary,0,0,0,0,0,0,0,0,0,0,0,0,0,0,0,0
aco_mor_ft_306_primary,0,0,0,0,0,0,0,0,0,0,0,0,0,0,0,0
aco_mor_ft_341_secondary,0,0,0,0,0,0,0,0,0,0,0,0,0,0,0,0
aco_mor_ft_342_secondary,0,0,0,0,0,0,0,0,0,0,0,0,0,0,0,0
aco_mor_primary_ft_301,92.12347274,94.64815107,94.7896935,95.41555,95.51290475,99.97961027,99.99875293,99.99884261,94.52752322,94.93642331,95.26282983,95.26002,99.99999677,99.99996009,99.9998071,99.99884261
aco_mor_primary_ft_302,93.08129547,94.94995897,95.3225175,95.41646,95.55361411,99.97700665,99.99000712,99.94004329,94.62062466,94.93085693,95.34062483,95.401505,99.99999677,99.99996009,99.9998071,99.99884261
aco_mor_primary_ft_303,93.17187536,94.94496176,95.3220025,95.41531,95.56718717,99.97820403,99.9998071,99.99884261,94.62471143,94.91885403,95.29122483,95.40307,99.99999677,99.99996009,99.9998071,99.99884261
aco_mor_primary_ft_304,93.1185776,94.95482886,95.29911,95.27768,95.53757197,99.97876199,99.9998071,99.99884261,94.62488966,94.92516679,95.27788,95.35058,99.99999677,99.99996009,99.9998071,99.99884261
aco_mor_primary_ft_305,93.4558036,94.99289121,95.39188733,95.55494,95.38529704,99.97617044,99.9830938,99.89856377,94.63334646,94.97353755,95.37958667,95.54316,99.99999677,99.99996009,99.9998071,99.99884261
aco_mor_primary_ft_306,93.17321705,95.00715334,95.34494083,95.55517,95.56791066,99.97783189,99.99525477,99.98340878,94.68664341,94.98469748,95.38449917,95.54239,99.99999677,99.99996009,99.9998071,99.99884261
aco_mor_secondary_ft_341,93.19915362,95.01815307,95.415635,95.41537,95.53089768,99.97602337,99.9998071,99.99884261,94.70086148,94.96285048,95.35617333,95.49193,99.99999676,99.99996009,99.9998071,99.99884261
aco_mor_secondary_ft_342,93.22435959,95.01318638,95.36935067,95.41616,95.5109737,99.97205562,99.97892047,99.87352406,94.74140685,94.99649924,95.31331267,95.35378,99.99999676,99.99996009,99.9998071,99.99884261
aco_mor_server_frothsensor,82.17615464,94.60903521,95.00289333,95.37731,95.76509701,95.99398962,80.63764612,0,0,0,0,0,0,0,0,0
aco_zib_test_001,0,0,0,0,0,0,0,0,0,0,0,0,0,0,0,0
ang_abmr_000_ft_002,0,0,0,0,0,0,0,0,0,0,0,0,0,0,0,0
ang_abmr_000_ft_004,0,0,0,0,0,0,0,0,0,0,0,0,0,0,0,0
ang_abmr_000_ft_006,0,0,0,0,0,0,0,0,0,0,0,0,0,0,0,0
ang_abmr_000_ft_008,0,0,0,0,0,0,0,0,0,0,0,0,0,0,0,0
ang_abmr_000_ft_010,0,0,0,0,0,0,0,0,0,0,0,0,0,0,0,0
ang_abmr_000_ft_012,0,0,0,0,0,0,0,0,0,0,0,0,0,0,0,0
ang_abmr_000_ft_014,0,0,0,0,0,0,0,0,0,0,0,0,0,0,0,0
ang_abmr_000_ft_016,0,0,0,0,0,0,0,0,0,0,0,0,0,0,0,0
ang_abmr_feed1_lynxx_001,44.94464842,92.87674848,95.23051333,95.416046,89.13678081,63.2873246,92.75279008,98.05987505,77.42255046,92.78653552,95.269671,95.499756,53.78589733,99.9898934,99.98765479,99.99884261
ang_abmr_server_aisabmrfrs01,0,0,0,0,0,0,0,0,0,0,0,0,0,0,0,0
ang_abmr_server_aisabmrlynx01,68.61870994,90.60768,94.00945417,94.17593,98.91407212,99.99996009,99.9998071,99.99884261,0,0,0,0,0,0,0,0
ang_abmr_server_aisabmrlynx03,0,0,0,0,0,0,0,0,0,0,0,0,0,0,0,0
ang_bao_crushfeed_lynxx_001,0,0,0,0,0,0,0,0,0,0,0,0,0,0,0,0
ang_bao_crushprod_lynxx_001,0,0,0,0,0,0,0,0,0,0,0,0,0,0,0,0
ang_bao_server_001,0,0,0,0,0,0,0,0,0,0,0,0,0,0,0,0
ang_bos_server,0,0,0,0,0,0,0,0,0,0,0,0,0,0,0,0
ang_cel_ft_test_001,54.307749,0,0,0,99.99999444,0,0,0,0,0,0,0,0,0,0,0
ang_cel_ft_test_002,61.34306725,0,0,0,99.99999505,0,0,0,0,0,0,0,0,0,0,0
ang_cel_ft_test_003,54.31045079,0,0,0,99.99999444,0,0,0,0,0,0,0,0,0,0,0
ang_cel_ft_test_004,61.3457366,0,0,0,99.99999505,0,0,0,0,0,0,0,0,0,0,0
ang_cel_ft_test_005,40.47954206,0,0,0,99.99999263,0,0,0,0,0,0,0,0,0,0,0
ang_cel_ft_test_006,61.3484319,0,0,0,99.99999505,0,0,0,0,0,0,0,0,0,0,0
ang_cel_ft_test_007,51.49100047,0,0,0,99.99999415,0,0,0,0,0,0,0,0,0,0,0
ang_cel_ft_test_008,54.31667932,0,0,0,99.99999444,0,0,0,0,0,0,0,0,0,0,0
ang_cel_ft_test_009,61.35237145,0,0,0,99.99999505,0,0,0,0,0,0,0,0,0,0,0
ang_cel_ft_test_010,54.31943921,0,0,0,99.99999444,0,0,0,0,0,0,0,0,0,0,0
ang_gdn_server_system_health,0,0,0,0,0,0,0,0,0,0,0,0,0,0,0,0
ang_ghd_server_system_health,0,0,0,0,0,0,0,0,0,0,0,0,0,0,0,0
ang_kol_pocket_cvpsa_001,79.06634235,78.0824641,95.40516483,95.4158,56.59967954,3.79622108,13.41629831,17.44009015,82.93522152,78.06379738,95.37576083,95.38632,45.7913663,97.3221083,90.0131087,89.47809437
ang_kol_server_truck,82.36029617,77.90804592,95.27642833,95.4375,98.34651612,99.9999537,99.9998071,99.99884261,0,0,0,0,0,0,0,0
ang_kol_truck_001_average,0,0,0,0,0,0,0,0,0,0,0,0,0,0,0,0
ang_kol_truck_001_detailed,0,0,0,0,0,0,0,0,0,0,0,0,0,0,0,0
ang_kol_truck_001_stats,0,0,0,0,0,0,0,0,0,0,0,0,0,0,0,0
ang_kol_truck_002_average,0,0,0,0,0,0,0,0,0,0,0,0,0,0,0,0
ang_kol_truck_002_detailed,0,0,0,0,0,0,0,0,0,0,0,0,0,0,0,0
ang_kol_truck_002_stats,0,0,0,0,0,0,0,0,0,0,0,0,0,0,0,0
ang_kol_truck_stats_001,82.49253888,78.10707395,95.43591417,95.41623,67.94348074,74.66071859,99.60586703,99.99884261,38.45980727,78.0919409,95.44929083,95.525665,99.03628062,99.9999537,99.9998071,99.99884261
ang_kol_truck_stats_002,84.58622353,78.12175709,95.4584525,95.41414,89.56998895,74.40676883,99.00625835,99.81665471,38.54506768,78.07911598,95.41333917,95.4872,90.68147764,95.99995556,99.9998071,99.99884261
ang_kol_truckfod_001,0,0,0,0,0,0,0,0,0,0,0,0,0,0,0,0
ang_kol_truckfod_002,0,0,0,0,0,0,0,0,0,0,0,0,0,0,0,0
ang_mgn_102_ba_002,0,0,0,0,0,0,0,0,0,0,0,0,0,0,0,0
ang_mgn_440_ft_001_events_domains,0,0,0,0,0,0,0,0,0,0,0,0,0,0,0,0
ang_mgn_440_ft_001_events,0,0,0,0,0,0,0,0,0,0,0,0,0,0,0,0
ang_mgn_440_ft_001_inner_events_domains,0,0,0,0,0,0,0,0,0,0,0,0,0,0,0,0
ang_mgn_440_ft_001_inner_events,0,0,0,0,0,0,0,0,0,0,0,0,0,0,0,0
ang_mgn_440_ft_001_inner,90.88436394,82.37427559,95.253893,95.13784,92.87589946,99.99995713,99.9998071,99.99884261,91.43142488,82.32582848,95.216866,95.0696,96.77261322,57.68539009,99.9998071,99.99884261
ang_mgn_440_ft_001,90.74688992,82.3299531,95.29740933,95.137085,96.98135731,99.9988038,99.9998071,99.99884261,91.08613633,82.22689066,95.25102067,95.138214,92.81323018,99.99995713,99.9998071,99.99884261
ang_mgn_440_ft_002_events_domains,0,0,0,0,0,0,0,0,0,0,0,0,0,0,0,0
ang_mgn_440_ft_002_events,0,0,0,0,0,0,0,0,0,0,0,0,0,0,0,0
ang_mgn_440_ft_002_inner_events_domains,0,0,0,0,0,0,0,0,0,0,0,0,0,0,0,0
ang_mgn_440_ft_002_inner_events,0,0,0,0,0,0,0,0,0,0,0,0,0,0,0,0
ang_mgn_440_ft_002_inner,91.01323067,82.34822959,95.320399,95.41291,95.17957934,99.99938973,99.9998071,99.99884261,91.50057112,82.28152297,95.24099833,95.34811,96.77278533,57.68764664,99.9998071,99.99884261
ang_mgn_440_ft_002,91.06671685,82.39668093,95.22729167,95.13346,98.42654073,99.99941195,99.9998071,99.99884261,91.48913368,82.33904128,95.22912983,95.138214,92.89455806,99.99995713,99.9998071,99.99884261
ang_mgn_440_ft_003_events_domains,0,0,0,0,0,0,0,0,0,0,0,0,0,0,0,0
ang_mgn_440_ft_003_events,0,0,0,0,0,0,0,0,0,0,0,0,0,0,0,0
ang_mgn_440_ft_003,91.145204,82.33977803,95.2980155,95.41478,98.41570963,99.99952306,99.99845877,99.9907527,91.4318062,82.32543697,95.33753683,95.353645,92.90033258,99.99995713,99.9998071,99.99884261
ang_mgn_440_ft_004_events_domains,0,0,0,0,0,0,0,0,0,0,0,0,0,0,0,0
ang_mgn_440_ft_004_events,0,0,0,0,0,0,0,0,0,0,0,0,0,0,0,0
ang_mgn_440_ft_004,91.08460306,82.38272583,95.29638467,95.133896,76.76664772,99.99848654,99.99614111,99.97684686,91.43879112,82.33266976,95.32084183,95.363846,96.79730432,99.99995713,99.9998071,99.99884261
ang_mgn_440_ft_005_events_domains,0,0,0,0,0,0,0,0,0,0,0,0,0,0,0,0
ang_mgn_440_ft_005_events,0,0,0,0,0,0,0,0,0,0,0,0,0,0,0,0
ang_mgn_440_ft_005,91.03892373,82.3641029,95.36774583,95.41115,96.54954619,99.99934084,99.9998071,99.99884261,91.46515569,82.35648783,95.27336083,95.08225,89.38170284,79.46371657,99.9998071,99.99884261
ang_mgn_440_ft_006_events_domains,0,0,0,0,0,0,0,0,0,0,0,0,0,0,0,0
ang_mgn_440_ft_006_events,0,0,0,0,0,0,0,0,0,0,0,0,0,0,0,0
ang_mgn_440_ft_006,91.18556911,82.3628509,95.29889233,95.134705,98.85678301,99.99847143,99.99651877,99.97911283,91.40426207,82.33724641,95.339151,95.35677,89.64585562,90.9065377,99.9998071,99.99884261
ang_mgn_440_ft_007_events_domains,0,0,0,0,0,0,0,0,0,0,0,0,0,0,0,0
ang_mgn_440_ft_007_events,0,0,0,0,0,0,0,0,0,0,0,0,0,0,0,0
ang_mgn_440_ft_007,91.0357996,82.42064203,95.34437083,95.41261,98.85639102,99.9989501,99.9998071,99.99884261,91.55449896,82.3967149,95.34462833,95.36464,90.25221858,99.99995713,99.9998071,99.99884261
ang_mgn_440_ft_008_events_domains,0,0,0,0,0,0,0,0,0,0,0,0,0,0,0,0
ang_mgn_440_ft_008_events,0,0,0,0,0,0,0,0,0,0,0,0,0,0,0,0
ang_mgn_440_ft_008,91.04278985,82.46885034,95.346205,95.4151,98.85486987,99.99897436,99.9998071,99.99884261,91.43761949,82.41485859,95.26796333,95.07445,93.37346639,99.98915806,99.97553048,99.99884261
ang_mgn_440_ft_009_events_domains,0,0,0,0,0,0,0,0,0,0,0,0,0,0,0,0
ang_mgn_440_ft_009_events,0,0,0,0,0,0,0,0,0,0,0,0,0,0,0,0
ang_mgn_440_ft_009,91.1325523,82.43006197,95.36925583,95.41323,96.17450267,99.99895195,99.9998071,99.99884261,91.41451017,82.30058041,95.27059483,95.078186,92.48292901,99.99995713,99.9998071,99.99884261
ang_mgn_440_ft_010_events_domains,0,0,0,0,0,0,0,0,0,0,0,0,0,0,0,0
ang_mgn_440_ft_010_events,0,0,0,0,0,0,0,0,0,0,0,0,0,0,0,0
ang_mgn_440_ft_010,91.0781477,82.42597493,95.41543583,95.411125,96.22938333,99.99995713,99.9998071,99.99884261,91.43680825,82.4216849,95.45371833,95.35218,90.81157034,99.86144571,99.9998071,99.99884261
ang_mgn_440_ft_010b,0,0,0,0,0,0,0,0,0,0,0,0,0,0,0,0
ang_mgn_440_ft_011_events_domains,0,0,0,0,0,0,0,0,0,0,0,0,0,0,0,0
ang_mgn_440_ft_011_events,0,0,0,0,0,0,0,0,0,0,0,0,0,0,0,0
ang_mgn_440_ft_011,91.09330433,82.44509245,95.345397,95.413284,96.55432868,99.99935787,99.9998071,99.99884261,91.52400898,82.37304021,95.36077833,95.36895,93.33404393,99.99995713,99.9998071,99.99884261
ang_mgn_440_ft_011b,0,0,0,0,0,0,0,0,0,0,0,0,0,0,0,0
ang_mgn_440_ft_012_events_domains,0,0,0,0,0,0,0,0,0,0,0,0,0,0,0,0
ang_mgn_440_ft_012_events,0,0,0,0,0,0,0,0,0,0,0,0,0,0,0,0
ang_mgn_440_ft_012,91.16976631,82.47322697,95.4130075,95.4165,98.87399072,99.99956936,99.9998071,99.99884261,91.54289545,82.16586728,94.59208933,95.36464,91.23248226,99.99995713,99.9998071,99.99884261
ang_mgn_440_ft_013_events_domains,0,0,0,0,0,0,0,0,0,0,0,0,0,0,0,0
ang_mgn_440_ft_013_events,0,0,0,0,0,0,0,0,0,0,0,0,0,0,0,0
ang_mgn_440_ft_013,91.16288437,82.39655421,95.43594567,95.41354,96.99403911,99.99995713,99.9998071,99.99884261,91.45213097,82.42592272,95.38630683,95.512505,93.05475859,99.99995713,99.9998071,99.99884261
ang_mgn_440_ft_014_events_domains,0,0,0,0,0,0,0,0,0,0,0,0,0,0,0,0
ang_mgn_440_ft_014_events,0,0,0,0,0,0,0,0,0,0,0,0,0,0,0,0
ang_mgn_440_ft_014,91.07898761,82.40181048,95.4350865,95.55119,98.27293465,99.99960417,99.9998071,99.99884261,91.44906381,82.313782,95.38253183,95.50651,92.00633969,99.99995713,99.9998071,99.99884261
ang_mgn_440_ft_015_events_domains,0,0,0,0,0,0,0,0,0,0,0,0,0,0,0,0
ang_mgn_440_ft_015_events,0,0,0,0,0,0,0,0,0,0,0,0,0,0,0,0
ang_mgn_440_ft_015,91.08833772,82.43903486,95.34204583,95.55008,79.12929709,99.99995713,99.9998071,99.99884261,91.56044064,82.41911021,95.34503883,95.502,91.87676214,79.4637389,99.9998071,99.99884261
ang_mgn_440_ft_016_events_domains,0,0,0,0,0,0,0,0,0,0,0,0,0,0,0,0
ang_mgn_440_ft_016_events,0,0,0,0,0,0,0,0,0,0,0,0,0,0,0,0
ang_mgn_440_ft_016,90.99190968,82.45891145,95.36645,95.41144,97.24640882,99.99852084,99.9998071,99.99884261,91.59773208,82.45025738,95.3836785,95.368774,91.08603457,99.99995713,99.9998071,99.99884261
ang_mgn_440_ft_017_events_domains,0,0,0,0,0,0,0,0,0,0,0,0,0,0,0,0
ang_mgn_440_ft_017_events,0,0,0,0,0,0,0,0,0,0,0,0,0,0,0,0
ang_mgn_440_ft_017,91.20622314,82.36881886,94.60221833,95.41206,98.4272013,99.99933121,99.9998071,99.99884261,91.59568918,82.48263483,95.25611567,95.50651,91.36937463,99.99995713,99.9998071,99.99884261
ang_mgn_440_ft_018_events_domains,0,0,0,0,0,0,0,0,0,0,0,0,0,0,0,0
ang_mgn_440_ft_018_events,0,0,0,0,0,0,0,0,0,0,0,0,0,0,0,0
ang_mgn_440_ft_018,91.18369513,82.55096048,95.344431,95.41472,98.84705398,99.99827862,99.99780877,99.98685274,91.46311897,82.40723445,95.36501083,95.35651,91.59444986,99.99995713,99.9998071,99.99884261
ang_mgn_440_ft_019_events_domains,0,0,0,0,0,0,0,0,0,0,0,0,0,0,0,0
ang_mgn_440_ft_019_events,0,0,0,0,0,0,0,0,0,0,0,0,0,0,0,0
ang_mgn_440_ft_019,91.10652472,82.50267979,95.390141,95.55171,96.56257828,99.99976417,99.9998071,99.99884261,91.50683492,82.40949459,95.31672567,95.371895,93.71336279,99.99995713,99.9998071,99.99884261
ang_mgn_440_ft_020_events_domains,0,0,0,0,0,0,0,0,0,0,0,0,0,0,0,0
ang_mgn_440_ft_020_events,0,0,0,0,0,0,0,0,0,0,0,0,0,0,0,0
ang_mgn_440_ft_020,91.11977629,82.42205531,95.3677175,95.4122,98.80915892,99.99995713,99.9998071,99.99884261,91.49928359,82.47510886,95.33816333,95.36895,92.62687249,99.99995713,99.9998071,99.99884261
ang_mgn_440_ft_021_events_domains,0,0,0,0,0,0,0,0,0,0,0,0,0,0,0,0
ang_mgn_440_ft_021_events,0,0,0,0,0,0,0,0,0,0,0,0,0,0,0,0
ang_mgn_440_ft_021,91.14917342,82.460213,95.3679,95.55042,98.81115275,99.99887713,99.9998071,99.99884261,91.53439089,82.46332662,95.33696,95.50499,92.11690118,99.99995713,99.9998071,99.99884261
ang_mgn_440_ft_022_events_domains,0,0,0,0,0,0,0,0,0,0,0,0,0,0,0,0
ang_mgn_440_ft_022_events,0,0,0,0,0,0,0,0,0,0,0,0,0,0,0,0
ang_mgn_440_ft_022,90.41038175,82.48965897,95.39131483,95.55024,96.48408666,99.99986528,99.9998071,99.99884261,91.51023022,82.3910549,95.323355,95.500946,88.80761436,90.54269159,99.9998071,99.99884261
ang_mgn_440_ft_023_events_domains,0,0,0,0,0,0,0,0,0,0,0,0,0,0,0,0
ang_mgn_440_ft_023_events,0,0,0,0,0,0,0,0,0,0,0,0,0,0,0,0
ang_mgn_440_ft_023,91.25418308,82.51251493,95.43827633,95.552956,94.94481453,99.9992501,99.9998071,99.99884261,91.53207059,82.483033,95.40628017,95.50499,94.61143608,99.98645662,99.97550548,99.99884261
ang_mgn_440_ft_024_events_domains,0,0,0,0,0,0,0,0,0,0,0,0,0,0,0,0
ang_mgn_440_ft_024_events,0,0,0,0,0,0,0,0,0,0,0,0,0,0,0,0
ang_mgn_440_ft_024,91.14695224,82.48703207,95.36885817,95.550674,98.8181345,99.99961491,99.9998071,99.99884261,91.55689734,82.460002,95.363041,95.50961,93.17774081,99.99995713,99.9998071,99.99884261
ang_mgn_440_ft_025_events_domains,0,0,0,0,0,0,0,0,0,0,0,0,0,0,0,0
ang_mgn_440_ft_025_events,0,0,0,0,0,0,0,0,0,0,0,0,0,0,0,0
ang_mgn_440_ft_025,91.09663951,82.50684052,95.36964,95.55331,97.66224136,99.99995713,99.9998071,99.99884261,91.54426028,82.47016179,95.35712683,95.51757,92.94673292,99.99995713,99.9998071,99.99884261
ang_mgn_440_ft_026_events_domains,0,0,0,0,0,0,0,0,0,0,0,0,0,0,0,0
ang_mgn_440_ft_026_events,0,0,0,0,0,0,0,0,0,0,0,0,0,0,0,0
ang_mgn_440_ft_026,91.25228046,82.55014169,95.41477483,95.55314,98.51256884,99.99778621,99.9971546,99.99884261,91.66307834,82.51454962,95.33800167,95.506325,91.99129438,79.46331123,99.9998071,99.99884261
ang_mgn_440_ft_027_events_domains,0,0,0,0,0,0,0,0,0,0,0,0,0,0,0,0
ang_mgn_440_ft_027_events,0,0,0,0,0,0,0,0,0,0,0,0,0,0,0,0
ang_mgn_440_ft_027,91.19269921,82.51210641,95.415775,95.55384,98.81403141,99.9997325,99.9998071,99.99884261,91.56230203,82.45979303,95.35779833,95.51663,88.78270367,79.4633392,99.9998071,99.99884261
ang_mgn_440_ft_028_events_domains,0,0,0,0,0,0,0,0,0,0,0,0,0,0,0,0
ang_mgn_440_ft_028_events,0,0,0,0,0,0,0,0,0,0,0,0,0,0,0,0
ang_mgn_440_ft_028,91.14491451,82.4874159,95.435605,95.55113,97.97068941,99.99887065,99.9998071,99.99884261,91.53222472,82.45893121,95.39277667,95.500946,92.03328532,79.46333875,99.9998071,99.99884261
ang_mgn_440_ft_029_events_domains,0,0,0,0,0,0,0,0,0,0,0,0,0,0,0,0
ang_mgn_440_ft_029_events,0,0,0,0,0,0,0,0,0,0,0,0,0,0,0,0
ang_mgn_440_ft_029,91.21603442,82.4975711,95.41176917,95.55057,98.07191794,99.99995713,99.9998071,99.99884261,91.61594628,82.46150176,95.38423083,95.50343,93.53132806,99.99995713,99.9998071,99.99884261
ang_mgn_440_ft_030_events_domains,0,0,0,0,0,0,0,0,0,0,0,0,0,0,0,0
ang_mgn_440_ft_030_events,0,0,0,0,0,0,0,0,0,0,0,0,0,0,0,0
ang_mgn_440_ft_030,91.249674,82.54994986,95.45889183,95.55424,95.71764461,99.99950954,99.9998071,99.99884261,91.61076126,82.4935059,95.43048567,95.50364,94.50813414,99.99995713,99.9998071,99.99884261
ang_mgn_440_ft_031,0,0,0,0,0,0,0,0,0,0,0,0,0,0,0,0
ang_mgn_440_ft_032,0,0,0,0,0,0,0,0,0,0,0,0,0,0,0,0
ang_mgn_440_ft_033_events_domains,0,0,0,0,0,0,0,0,0,0,0,0,0,0,0,0
ang_mgn_440_ft_033_events,0,0,0,0,0,0,0,0,0,0,0,0,0,0,0,0
ang_mgn_440_ft_033,86.23554621,24.10006576,0,0,66.42803503,0,0,0,86.78288144,24.08355876,0,0,99.76789817,99.99985532,0,0
ang_mgn_440_ft_034,0,0,0,0,0,0,0,0,0,0,0,0,0,0,0,0
ang_mgn_440_ft_035,0,0,0,0,0,0,0,0,0,0,0,0,0,0,0,0
ang_mgn_440_ft_045,0,0,0,0,0,0,0,0,0,0,0,0,0,0,0,0
ang_mgn_440_ft_046,0,0,0,0,0,0,0,0,0,0,0,0,0,0,0,0
ang_mgn_440_ft_047_events_domains,0,0,0,0,0,0,0,0,0,0,0,0,0,0,0,0
ang_mgn_440_ft_047_events,0,0,0,0,0,0,0,0,0,0,0,0,0,0,0,0
ang_mgn_440_ft_047,86.25984075,24.10050034,0,0,66.47870282,0,0,0,86.82298292,24.09824045,0,0,99.76856018,99.99985532,0,0
ang_mgn_440_ft_048,0,0,0,0,0,0,0,0,0,0,0,0,0,0,0,0
ang_mgn_440_ft_049,0,0,0,0,0,0,0,0,0,0,0,0,0,0,0,0
ang_mgn_440_pulp_001,0,0,0,0,0,0,0,0,0,0,0,0,0,0,0,0
ang_mgn_440_pulp_002,0,0,0,0,0,0,0,0,0,0,0,0,0,0,0,0
ang_mgn_440_pulp_008,66.01743749,82.57195503,95.406156,95.82559,41.90879238,59.74429098,60.82935283,60.83894885,91.642612,82.51766741,95.42732833,95.67298,94.68338165,75.07596267,0,0
ang_mgn_440_pulp_009,61.82976587,82.55130297,95.43254433,95.69097,37.83926624,59.0435468,60.53660472,60.39760495,91.59850343,82.56169779,95.4600115,95.50922,96.08688507,75.08540241,0,0
ang_mgn_bh_test_001,0,0,0,0,0,0,0,0,0,0,0,0,0,0,0,0
ang_mgn_bh_test_002,0,0,0,0,0,0,0,0,0,0,0,0,0,0,0,0
ang_mgn_bh_test_003,0,0,0,0,0,0,0,0,0,0,0,0,0,0,0,0
ang_mgn_bh_test_004,0,0,0,0,0,0,0,0,0,0,0,0,0,0,0,0
ang_mgn_bh_test_005,0,0,0,0,0,0,0,0,0,0,0,0,0,0,0,0
ang_mgn_bos_lynxx_001,0,0,0,0,0,0,0,0,0,0,0,0,0,0,0,0
ang_mgn_bos_lynxx_001_uptime,0,0,0,0,0,0,0,0,0,0,0,0,0,0,0,0
ang_mgn_bos_lynxx_002,0,0,0,0,0,0,0,0,0,0,0,0,0,0,0,0
ang_mgn_bos_lynxx,0,0,0,0,0,0,0,0,0,0,0,0,0,0,0,0
ang_mgn_bos_server,0,0,0,0,0,0,0,0,0,0,0,0,0,0,0,0
ang_mgn_cb_test_001,0,0,0,0,0,0,0,0,0,0,0,0,0,0,0,0
ang_mgn_cb_test_002,0,0,0,0,0,0,0,0,0,0,0,0,0,0,0,0
ang_mgn_cb_test_003,0,0,0,0,0,0,0,0,0,0,0,0,0,0,0,0
ang_mgn_cb_test_004,0,0,0,0,0,0,0,0,0,0,0,0,0,0,0,0
ang_mgn_cb_test_005,0,0,0,0,0,0,0,0,0,0,0,0,0,0,0,0
ang_mgn_crusha_lynxx_001,92.74410605,93.45024372,95.64591183,95.83192,94.66702747,99.99996009,99.9998071,99.99884261,93.12572129,93.37895734,95.6186975,95.814835,93.61630182,22.25247329,16.66663452,99.99884261
ang_mgn_crushb_lynxx_001,92.62940095,93.39704897,95.551965,95.551254,99.84062413,99.50444663,99.9998071,99.99884261,93.09300244,93.3375331,95.5893225,95.829605,93.79095065,24.32762148,29.09448338,99.99884261
ang_mgn_crushbfeed_lynxx_001,92.58765507,93.43079138,95.62279333,95.55382,92.19414707,99.99958009,99.9998071,99.99884261,92.77741454,90.06567772,95.6412115,95.82105,94.21125484,27.17022963,35.08330066,99.99884261
ang_mgn_hpgrfeed_lynxx_001,92.61220268,93.43112317,95.69229583,95.97102,99.999983,99.9997925,99.9998071,99.99884261,93.04338618,93.42284945,95.59037567,95.82463,93.78740662,24.23796363,29.35999553,99.99884261
ang_mgn_hpgrproduct_lynxx_001,92.66005495,93.51682148,95.68994517,95.971085,94.66945592,84.46985453,92.56072562,91.14166012,93.04417107,93.43703348,95.56360867,95.809326,93.66608679,22.86278,28.71835195,99.99884261
ang_mgn_hpgrproduct_lynxx_002,92.65534271,93.48303383,95.66546917,95.96233,99.70924788,99.99996009,99.9998071,99.99884261,93.11395944,93.43964762,95.61277767,95.8199,94.81703837,99.62833603,99.51541387,99.56373764
ang_mgn_pcrusheast_truckfod_001,0,0,0,0,0,0,0,0,0,0,0,0,0,0,0,0
ang_mgn_pcrusheast_truckfod_003,0,0,0,0,0,0,0,0,0,0,0,0,0,0,0,0
ang_mgn_pcrusheast_truckpsa_ave_001,0,0,0,0,0,0,0,0,0,0,0,0,0,0,0,0
ang_mgn_pcrusheast_truckpsa_ave_002,0,0,0,0,0,0,0,0,0,0,0,0,0,0,0,0
ang_mgn_pcrusheast_truckpsa_ave_003,0,0,0,0,0,0,0,0,0,0,0,0,0,0,0,0
ang_mgn_pcrusheast_truckpsa_detailed_001,0,0,0,0,0,0,0,0,0,0,0,0,0,0,0,0
ang_mgn_pcrusheast_truckpsa_detailed_002,0,0,0,0,0,0,0,0,0,0,0,0,0,0,0,0
ang_mgn_pcrusheast_truckpsa_detailed_003,0,0,0,0,0,0,0,0,0,0,0,0,0,0,0,0
ang_mgn_pcrusheast_truckpsa_stats_001,91.84010399,95.36202507,95.7826265,96.1084,89.82028323,99.97510424,99.9998071,99.99884261,92.48707842,95.37790097,95.79042683,96.087135,99.99999673,99.99996009,99.9998071,99.99884261
ang_mgn_pcrusheast_truckpsa_stats_002,73.45135341,0,0,0,89.95506974,0,0,0,92.65251515,95.37292448,95.7914925,96.088425,99.99999673,99.99996009,99.9998071,99.99884261
ang_mgn_pcrusheast_truckpsa_stats_003,91.90359839,95.3810789,95.802725,95.961235,89.20084291,99.99445168,99.9998071,99.99884261,92.84783815,95.38328755,95.83843917,96.089195,99.99999673,99.99996009,99.9998071,99.99884261
ang_mgn_pcrusheast_truckvolume_scan_stats_001,0,0,0,0,0,0,0,0,0,0,0,0,0,0,0,0
ang_mgn_pcrushwest_stats_001,0,0,0,0,0,0,0,0,0,0,0,0,0,0,0,0
ang_mgn_pcrushwest_truckfod_001,0,0,0,0,0,0,0,0,0,0,0,0,0,0,0,0
ang_mgn_pcrushwest_truckfod_003,0,0,0,0,0,0,0,0,0,0,0,0,0,0,0,0
ang_mgn_pcrushwest_truckpsa_ave_001,0,0,0,0,0,0,0,0,0,0,0,0,0,0,0,0
ang_mgn_pcrushwest_truckpsa_ave_002,0,0,0,0,0,0,0,0,0,0,0,0,0,0,0,0
ang_mgn_pcrushwest_truckpsa_ave_003,0,0,0,0,0,0,0,0,0,0,0,0,0,0,0,0
ang_mgn_pcrushwest_truckpsa_detailed_001,0,0,0,0,0,0,0,0,0,0,0,0,0,0,0,0
ang_mgn_pcrushwest_truckpsa_detailed_002,0,0,0,0,0,0,0,0,0,0,0,0,0,0,0,0
ang_mgn_pcrushwest_truckpsa_detailed_003,0,0,0,0,0,0,0,0,0,0,0,0,0,0,0,0
ang_mgn_pcrushwest_truckpsa_stats_001,92.48266035,95.439785,95.89570333,96.10493,97.959013,99.99398285,99.9998071,99.99884261,93.06601992,95.41749641,95.83935167,96.08982,99.99999673,99.99996009,99.9998071,99.99884261
ang_mgn_pcrushwest_truckpsa_stats_002,73.6728476,0,0,0,78.41997327,0,0,0,92.85571851,95.40748266,95.86372833,96.09133,99.99999673,99.99996009,99.9998071,99.99884261
ang_mgn_pcrushwest_truckpsa_stats_003,92.10386258,95.43041441,95.8504675,95.96122,88.32272273,99.98386682,99.9998071,99.99884261,93.01042342,95.42357755,95.88735083,96.09153,99.99999674,99.99996009,99.9998071,99.99884261
ang_mgn_pcrushwest_truckvolume_scan_stats_001,0,0,0,0,0,0,0,0,0,0,0,0,0,0,0,0
ang_mgn_pcrushwest_truckvolume_stats_001,33.31147868,0,0,0,72.66700905,0,0,0,59.95429917,0,0,0,99.99999492,0,0,0
ang_mgn_server_aispprlynxx01,90.17276597,90.24980007,92.666861,93.84375,99.96295885,99.99996009,99.9998071,99.99884261,0,0,0,0,0,0,0,0
ang_mgn_server_aispprosa01,0,0,0,0,0,0,0,0,0,0,0,0,0,0,0,0
ang_mgn_server_aispprosa02,0,0,0,0,0,0,0,0,0,0,0,0,0,0,0,0
ang_mgn_server_aispprosa03,0,0,0,0,0,0,0,0,0,0,0,0,0,0,0,0
ang_mgn_server_aispprosa04,79.43424552,72.92516659,83.83969833,82.38657,96.72927513,87.1093261,99.9998071,99.99884261,0,0,0,0,0,0,0,0
ang_mgn_server_aispprosa06,0,0,0,0,0,0,0,0,0,0,0,0,0,0,0,0
ang_mgn_server_aispprosa07,0,0,0,0,0,0,0,0,0,0,0,0,0,0,0,0
ang_mgn_server_bos_system_heath,12.91646189,0,0,0,99.99997685,0,0,0,0,0,0,0,0,0,0,0
ang_mgn_server_bos,0,0,0,0,0,0,0,0,0,0,0,0,0,0,0,0
ang_mgn_server_health_system_health,92.59051857,95.46268362,95.87345583,95.96296,95.34843612,99.99996009,99.9998071,99.99884261,0,0,0,0,0,0,0,0
ang_mgn_server_lynxxvolume,54.55860844,90.72405855,94.11149917,93.24537,92.8485045,91.3932479,99.9998071,99.99884261,0,0,0,0,0,0,0,0
ang_mgn_truckpsa_ave_001,0,0,0,0,0,0,0,0,0,0,0,0,0,0,0,0
ang_mgn_truckpsa_detailed_001,0,0,0,0,0,0,0,0,0,0,0,0,0,0,0,0
ang_mgn_truckpsa_stats_001,0,0,0,0,0,0,0,0,0,0,0,0,0,0,0,0
ang_mgn_truckpsa_stats_002,0,0,0,0,0,0,0,0,0,0,0,0,0,0,0,0
ang_mgn_truckpsa_stats_003,0,0,0,0,0,0,0,0,0,0,0,0,0,0,0,0
ang_mgn_truckpsa_stats_004,0,0,0,0,0,0,0,0,0,0,0,0,0,0,0,0
ang_mgn_volume_407_cv1_dynamic,31.18498344,0,0,0,99.99999081,0,0,0,36.69455588,0,0,0,77.33652268,0,0,0
ang_mgn_volume_407_cv1,0,0,0,0,0,0,0,0,0,0,0,0,0,0,0,0
ang_mgn_volume_407_cv3_dynamic,30.14445843,0,0,0,99.99999081,0,0,0,36.96531141,0,0,0,99.99820047,0,0,0
ang_mgn_volume_407_cv3,0,0,0,0,0,0,0,0,0,0,0,0,0,0,0,0
ang_mgn_width_407_cv1,45.26611904,93.51672076,95.795584,95.96732,99.07075724,99.99837492,99.9998071,99.99884261,38.54765903,0,0,0,77.28442364,0,0,0
ang_mgn_width_407_cv3,42.84995581,70.40294917,40.96156783,44.463684,99.9505204,99.99996009,99.9998071,99.99884261,38.5979242,0,0,0,74.6463552,0,0,0
ang_mgns_crusha_lynxx_001,0,0,0,0,0,0,0,0,0,0,0,0,0,0,0,0
ang_mgs_102_lynxx_cv001,90.91996847,92.8165791,95.87826833,95.97048,99.18488719,98.89482919,95.31014515,71.87322213,91.34995729,92.69540876,95.878014,95.92118,98.21002574,99.99495182,99.9998071,99.99884261
ang_mgs_402_lynxx_cv004,91.0429431,92.72993917,95.92490567,95.97187,96.1718761,80.80324248,97.89717016,97.45510205,91.44527515,92.69001948,95.76785833,95.768585,99.50584897,99.99996009,99.9998071,99.99884261
ang_mgs_402_lynxx_cv005,91.0534128,92.79861476,95.739409,95.97063,90.73840579,97.020592,92.31739142,98.76545688,91.32603676,92.78896538,95.83818333,95.90612,98.89614524,99.99996009,99.9998071,99.99884261
ang_mgs_feeda_lynxx_001,0,0,0,0,0,0,0,0,0,0,0,0,0,0,0,0
ang_mgs_feedb_lynxx_001,0,0,0,0,0,0,0,0,0,0,0,0,0,0,0,0
ang_mgs_pcrusheast_truckpsa_ave_001,0,0,0,0,0,0,0,0,0,0,0,0,0,0,0,0
ang_mgs_pcrusheast_truckpsa_ave_002,0,0,0,0,0,0,0,0,0,0,0,0,0,0,0,0
ang_mgs_pcrusheast_truckpsa_detailed_001,0,0,0,0,0,0,0,0,0,0,0,0,0,0,0,0
ang_mgs_pcrusheast_truckpsa_detailed_002,0,0,0,0,0,0,0,0,0,0,0,0,0,0,0,0
ang_mgs_pcrusheast_truckpsa_stats_001,85.06624167,93.58316448,95.8944085,95.9614,99.41097833,99.96220617,99.9998071,99.99884261,0,0,0,0,0,0,0,0
ang_mgs_pcrusheast_truckpsa_stats_002,30.79319962,93.63704072,95.85109467,95.968254,0.006437505,0.004170081,0,0,0,0,0,0,0,0,0,0
ang_mgs_pcrushwest_truckpsa_ave_001,0,0,0,0,0,0,0,0,0,0,0,0,0,0,0,0
ang_mgs_pcrushwest_truckpsa_ave_002,0,0,0,0,0,0,0,0,0,0,0,0,0,0,0,0
ang_mgs_pcrushwest_truckpsa_detailed_001,0,0,0,0,0,0,0,0,0,0,0,0,0,0,0,0
ang_mgs_pcrushwest_truckpsa_detailed_002,0,0,0,0,0,0,0,0,0,0,0,0,0,0,0,0
ang_mgs_pcrushwest_truckpsa_stats_001,85.80067659,93.59850593,95.851341,95.82882,99.02791399,99.96220304,99.9998071,99.99884261,0,0,0,0,0,0,0,0
ang_mgs_pcrushwest_truckpsa_stats_002,30.82186812,93.67183555,95.80471617,95.96827,0.005772207,0.002550756,0,0,0,0,0,0,0,0,0,0
ang_mgs_pebblea_lynxx_001,0,0,0,0,0,0,0,0,0,0,0,0,0,0,0,0
ang_mgs_server_aisppllynxx01,88.42869614,90.24660814,94.56462,95.10069,99.98090269,99.99996009,99.9998071,99.99884261,0,0,0,0,0,0,0,0
ang_mgs_server_health_system_health,42.60572721,0,0,0,99.99999277,0,0,0,0,0,0,0,0,0,0,0
ang_mot_000_ft_001,0,0,0,0,0,0,0,0,0,0,0,0,0,0,0,0
ang_mot_000_ft_002,0,0,0,0,0,0,0,0,0,0,0,0,0,0,0,0
ang_mot_000_ft_003,0,0,0,0,0,0,0,0,0,0,0,0,0,0,0,0
ang_mot_440_ft_001,91.97724564,93.69287179,95.830765,95.82793,95.02113429,99.8451947,99.26198286,99.40955543,92.13499054,93.68077062,95.88375,95.91352,99.99999673,99.99996009,99.9998071,99.99884261
ang_mot_440_ft_002,91.8784276,93.62639131,95.900634,95.96691,99.91295043,99.84918791,99.27650016,99.43137917,92.14527151,93.59895107,95.8161335,95.77621,99.99999673,99.99996009,99.9998071,99.99884261
ang_mot_440_ft_003,91.94793996,93.7276951,95.90152417,95.967155,99.91370659,99.84502353,99.25406487,99.40904343,92.21783762,93.70443607,95.87735433,95.78936,99.99999673,99.99996009,99.9998071,99.99884261
ang_mot_440_pulp_001,24.8090251,45.67904338,76.0498905,47.582573,97.59785594,99.92009444,99.94684353,99.9125776,92.20453945,93.68518548,95.81100333,95.78392,27.85872747,47.72588381,79.48528167,50.03510089
ang_mot_440_pulp_002,23.26395188,45.69033383,76.094198,47.584747,94.42866185,99.99741192,99.9998071,99.99884261,92.20174242,93.70077886,95.81048667,95.92052,26.24067665,47.72276785,79.47337303,49.96406671
ang_mot_440_pulp_003,18.78718133,45.68116452,76.02521317,47.587334,98.64682226,99.99993192,99.9998071,99.99884261,92.27804617,93.70062807,95.85543167,95.92957,21.45219401,47.72248461,79.47729735,49.96728667
ang_mot_feed1_lynxx_001,92.43705276,93.7150671,95.87843917,95.83211,98.71563715,99.97778962,99.91765392,99.50592831,92.79954329,93.70603238,95.8210625,95.77975,99.8711984,99.99495182,99.9998071,99.99884261
ang_mot_server_aismotlnx01,90.44857028,91.03851441,94.935765,93.6875,99.99999673,99.99996009,99.9998071,99.99884261,0,0,0,0,0,0,0,0
ang_mot_server_aismotlnx03,92.23038324,93.782568,95.90162083,95.97222,99.72055185,99.99996009,99.9998071,99.99884261,0,0,0,0,0,0,0,0
ang_mot_server_aismotola01,0,0,0,0,0,0,0,0,0,0,0,0,0,0,0,0
ang_ph2_server_aisph2frs01,89.84567472,92.46396072,95.29185833,94.34491,99.99999673,99.99996009,99.9998071,99.99884261,0,0,0,0,0,0,0,0
ang_ucon_feed1_lynxx_001,0,0,0,0,0,0,0,0,0,0,0,0,0,0,0,0
ang_ucon_server_aisuconlynxx01,0,0,0,0,0,0,0,0,0,0,0,0,0,0,0,0
ang_ucon_server_aisuconlynxx02,0,0,0,0,0,0,0,0,0,0,0,0,0,0,0,0
ang_wacp_feed1_fcd_001,90.22869131,93.63022821,95.90227667,95.97172,99.70594067,99.9891494,99.9998071,99.99884261,93.24307306,93.54258703,95.87444583,95.947365,96.95150794,67.34725376,99.9998071,99.99884261
ang_wacp_server_aiswacplynx01,90.3737322,90.8625089,94.39023917,92.64815,99.99999673,99.99996009,99.9998071,99.99884261,0,0,0,0,0,0,0,0
ang_wmer_feed1_lynxx_001,0,0,0,0,0,0,0,0,0,0,0,0,0,0,0,0
ang_wmer_feed2_lynxx_001,0,0,0,0,0,0,0,0,0,0,0,0,0,0,0,0
ang_wmer_server_aiswmeropa03,0,0,0,0,0,0,0,0,0,0,0,0,0,0,0,0
ang_wug2_feed1_lynxx_001,90.79733809,92.28032572,79.99743567,0,99.99325118,99.99651045,99.99976852,0,95.59827637,92.26231934,79.97745583,0,79.07766913,0.051756154,0,0
ang_wug2_server_aiswug2opa01,94.8908687,91.93813824,79.81520083,0,99.99999673,99.99995866,99.99976852,0,0,0,0,0,0,0,0,0
aps_440_ft_001,0,0,0,0,0,0,0,0,0,0,0,0,0,0,0,0
aps_ukn_440_ft_001,85.36478618,90.2229339,70.49228483,0,99.99614153,99.99995866,99.99976852,0,86.58190992,92.06476655,79.24991167,0,75.85048812,97.91081081,88.3005628,0
arm_nkc_cam01_lynxx_001,0,0,0,0,0,0,0,0,0,0,0,0,0,0,0,0
arm_nkc_cam02_lynxx_001,0,0,0,0,0,0,0,0,0,0,0,0,0,0,0,0
arm_nkc_fagmillfeed_lynxx_001,0,0,0,0,0,0,0,0,0,0,0,0,0,0,0,0
arm_nkc_grizzlyprod_lynxx_001,6.689488417,0,0,0,99.9999537,0,0,0,6.905289782,0,0,0,99.9999537,0,0,0
arm_nkc_pebblecrusherproduct_lynxx_001,6.703157017,0,0,0,99.9999537,0,0,0,6.911027601,0,0,0,99.9999537,0,0,0
arm_nkc_pricrush_lynxx_001,0,0,0,0,0,0,0,0,0,0,0,0,0,0,0,0
arm_nkc_seccrushprod_lynxx_001,0,0,0,0,0,0,0,0,0,0,0,0,0,0,0,0
arm_nkc_server_lynxxserver2,0,0,0,0,0,0,0,0,0,0,0,0,0,0,0,0
arm_nkc_server_lynxxserver3,0,0,0,0,0,0,0,0,0,0,0,0,0,0,0,0
arm_nkc_server_nkomati73e9132,0,0,0,0,0,0,0,0,0,0,0,0,0,0,0,0
asa_asa_0112_lynxx_001,79.59162941,0,0,0,94.84930582,0,0,0,79.56041329,0,0,0,99.99999601,0,0,0
asa_asa_server_lynxxserver,79.34285878,0,0,0,99.99999601,0,0,0,0,0,0,0,0,0,0,0
asm_brc_blackrocklynxx1_lynxx_totaliser,90.02473579,92.10377831,79.63753233,0,89.48158412,99.99995866,99.99976852,0,0,0,0,0,0,0,0,0
asm_brc_blackrocklynxx2_lynxx_totaliser,85.54746742,92.21753155,79.87616167,0,43.98214942,19.20634192,2.43654216,0,0,0,0,0,0,0,0,0
asm_brc_blackrocklynxx3_lynxx_totaliser,89.55203899,91.63234638,80.22702767,0,46.3940456,34.48752421,2.386112077,0,0,0,0,0,0,0,0,0
asm_brc_glo_70pn10an01_cvpsa_001,63.38992974,92.29512431,80.0435435,0,97.98008043,99.99995866,99.99976852,0,79.05229545,92.28122559,80.00654167,0,67.98585722,99.99995866,99.99976852,0
asm_brc_glo_70pn20an25_cvpsa_001,71.92138643,92.29581255,80.02085417,0,99.99999576,99.99995866,99.99976852,0,79.04752093,92.29976445,80.02983167,0,74.02722059,99.99995866,99.99976852,0
asm_brc_glo_70pn40an67_cvpsa_001,34.08129476,0,0,0,99.99994739,0,0,0,59.81504012,0,0,0,13.50698496,0,0,0
asm_brc_glo_70pn42an74_cvpsa_001,71.50300933,92.31503159,80.04482983,0,96.79013918,99.99995866,99.99976852,0,79.05732777,92.3050471,80.03022583,0,74.23816933,99.99995866,99.99976852,0
asm_brc_glo_70pn44an79_cvpsa_001,70.93872556,74.52190469,70.38440667,0,99.96317977,99.99995866,99.99976852,0,79.05540659,92.30418652,80.07105,0,74.03265961,99.99995866,99.99976852,0
asm_brc_glo_70pn46an85_cvpsa_001,65.00973632,84.22279014,56.10949317,0,99.84010078,99.99995866,99.99976852,0,79.06685068,92.30967331,80.07162767,0,71.40440227,99.99995866,99.99976852,0
asm_brc_glo_lynxx_70pn10an01,0,0,0,0,0,0,0,0,0,0,0,0,0,0,0,0
asm_brc_glo_lynxx_70pn20an25,0,0,0,0,0,0,0,0,0,0,0,0,0,0,0,0
asm_brc_glo_lynxx_70pn40an67,0,0,0,0,0,0,0,0,0,0,0,0,0,0,0,0
asm_brc_glo_lynxx_70pn42an74,0,0,0,0,0,0,0,0,0,0,0,0,0,0,0,0
asm_brc_glo_lynxx_70pn44an79,0,0,0,0,0,0,0,0,0,0,0,0,0,0,0,0
asm_brc_glo_lynxx_70pn46an85,0,0,0,0,0,0,0,0,0,0,0,0,0,0,0,0
asm_brc_glo_lynxx_70ps30an52,75.57778122,92.14718641,79.70893,0,0,0,0,0,90.05742777,92.13826638,79.73533167,0,89.30429661,99.98775845,99.93144748,0
asm_brc_glo_lynxx_70pw05an53,75.57591638,92.17540293,79.75609267,0,0,0,0,0,90.04725317,92.14735034,79.72772433,0,89.24193418,99.99995866,99.99976852,0
asm_brc_glo_lynxx_70pw10an54,75.58809995,92.16952607,79.733571,0,0,0,0,0,90.04499831,92.15332052,79.7283505,0,89.28314409,99.99995866,99.99976852,0
asm_brc_glo_lynxx_70pw15an55,75.58546197,92.16585055,79.73413833,0,0,0,0,0,90.06193289,92.14009228,79.70583167,0,89.26765717,99.99995866,99.99976852,0
asm_brc_nch2_lynxx_50ps20an46,84.53064265,92.281008,79.997655,0,99.26232105,99.55114424,99.63763036,0,84.76557666,92.26435552,79.96694333,0,97.55242842,99.99995866,99.99976852,0
asm_brc_nch2_lynxx_50ps60an47,0,0,0,0,0,0,0,0,69.56721754,85.51607583,80.018685,0,99.99999578,99.99995548,99.99976852,0
asm_brc_nch2_lynxx_50ps70an48,84.53621197,92.28690848,79.9889015,0,61.83554211,28.6195266,0,0,85.580688,92.27113317,79.9903325,0,98.66052581,99.99995866,99.99976852,0
asm_brc_nch2_lynxx_50pw15an49,84.54901488,92.30355986,79.99768983,0,99.54680273,99.82776424,99.78130302,0,77.4688511,92.27862238,79.992389,0,97.06075353,99.99995866,99.99976852,0
asm_brc_nch2_lynxx_51jw64an02,84.55039063,92.30480231,80.06697433,0,99.94458147,99.99823366,99.99976852,0,85.5841745,92.2903811,79.99152,0,89.67900133,99.99995866,99.99976852,0
asm_brc_nch3_lynxx_50ls06an03,87.51730058,92.30163893,80.0208775,0,99.57821289,99.97380225,99.97951057,0,89.27873903,92.27030314,79.94785833,0,98.87723048,99.63296517,99.64756153,0
asm_brc_nch3_lynxx_50ls11an04,88.91369603,92.30064017,79.9739,0,99.27894299,99.09194115,98.38357026,0,89.27473567,92.27073,79.95094067,0,98.81828314,99.56330717,99.52494782,0
asm_brc_nch3_lynxx_60pp05an42,89.14593994,91.70943162,80.32186933,0,99.4249365,99.66795266,99.90835673,0,89.59072844,91.65476317,80.24645917,0,96.88098846,99.99995866,99.99976852,0
asm_brc_nch3_lynxx_60ps20an43,89.14554376,91.72443393,80.32086567,0,99.70440107,99.99564313,99.99976852,0,89.59425054,91.71293376,80.27053667,0,96.8823334,99.99995866,99.99976852,0
asm_brc_nch3_lynxx_60ps25an44,89.15148747,91.72046307,80.29846167,0,89.54082373,99.98473467,99.99976852,0,89.59579729,91.67654466,80.24840417,0,96.88226496,99.99995866,99.99976852,0
asm_brc_nch3_lynxx_60pt25an45,89.15187858,91.74455059,80.3902975,0,99.26823514,99.45951596,98.95276294,0,89.60142918,91.69029441,80.27241333,0,96.88231143,99.99995866,99.99976852,0
asm_brc_server_blackrocklynxx1,89.70899853,92.2083729,79.804206,0,99.02593431,99.99995866,99.99976852,0,0,0,0,0,0,0,0,0
asm_brc_server_blackrocklynxx2,84.9314769,91.94145186,79.65451333,0,89.80894488,99.99995866,99.99976852,0,0,0,0,0,0,0,0,0
asm_brc_server_blackrocklynxx3,88.99429283,91.38745217,79.91010833,0,99.87735581,98.55893126,99.99976852,0,0,0,0,0,0,0,0,0
asm_brc_server_blackrocklynxx4,87.51901068,91.34582552,79.01234583,0,99.08040456,99.99995866,99.99976852,0,0,0,0,0,0,0,0,0
asm_brc_server_blackrocklynxx5,78.60896914,92.04521969,79.6533575,0,93.84363455,99.99995866,99.99976852,0,0,0,0,0,0,0,0,0
asm_khu_brucepsd_lynxx_001,0,0,0,0,0,0,0,0,0,0,0,0,0,0,0,0
asm_khu_jb41_lynxx_an61_300,0,0,0,0,0,0,0,0,0,0,0,0,0,0,0,0
asm_khu_jb41_lynxx_an61,86.59264861,92.31342269,80.06532,0,99.39807819,99.98891131,99.94902544,0,87.00885666,92.28451803,79.96482167,0,98.84789968,99.96384525,99.99976852,0
asm_khu_jb45_lynxx_an40_300,0,0,0,0,0,0,0,0,0,0,0,0,0,0,0,0
asm_khu_jb45_lynxx_an40,86.55277927,92.26926148,80.009741,0,97.7645845,93.0604356,87.16717342,0,86.98932255,92.26555969,79.91963667,0,98.82300888,99.93031655,99.97080459,0
asm_khu_jc90_lynxx_an27_300,0,0,0,0,0,0,0,0,0,0,0,0,0,0,0,0
asm_khu_jc90_lynxx_an27,86.04873333,92.28422238,79.96456917,0,99.37795779,99.98960403,99.94178265,0,86.97885109,92.27426434,79.96951683,0,98.82466577,99.94580833,99.95633862,0
asm_khu_jc90_lynxx_an37,0,0,0,0,0,0,0,0,0,0,0,0,0,0,0,0
asm_khu_jc90_lynxx_an38_300,0,0,0,0,0,0,0,0,0,0,0,0,0,0,0,0
asm_khu_jc90_lynxx_an38,86.57327305,92.26975079,79.98691667,0,99.4583002,99.99132938,99.95144463,0,86.99453388,92.29571017,80.10848683,0,98.69198085,99.93755365,99.94188065,0
asm_khu_jc90_lynxx_an47_300,0,0,0,0,0,0,0,0,0,0,0,0,0,0,0,0
asm_khu_jc90_lynxx_an47,86.55470963,92.3002469,79.988505,0,78.59470537,99.98462117,99.93452467,0,86.98223682,92.27617717,79.96968,0,98.98089286,99.9577245,99.97084539,0
asm_khu_jc90_lynxx_an57_300,0,0,0,0,0,0,0,0,0,0,0,0,0,0,0,0
asm_khu_jc90_lynxx_an57,86.02803977,92.23781469,79.97758733,0,89.85703214,0,0,0,86.99002494,92.25821172,79.97050917,0,98.69465755,99.95930382,99.97084539,0
asm_khu_pp10_lynxx_an080_300,0,0,0,0,0,0,0,0,0,0,0,0,0,0,0,0
asm_khu_pp10_lynxx_an080,82.85154479,92.35892159,80.08251,0,26.56830033,0,0,0,84.92996184,92.33083786,80.06342333,0,97.68771452,99.98703206,99.99976852,0
asm_khu_pp20_lynxx_an295_300,0,0,0,0,0,0,0,0,0,0,0,0,0,0,0,0
asm_khu_pp20_lynxx_an295,82.89622576,92.36396355,80.08223317,0,17.27405741,0,0,0,84.93819892,92.35247852,80.09841133,0,97.74608717,99.98445774,99.98535255,0
asm_khu_server_ikhppsd1,84.14685761,91.98666972,79.80478317,0,93.14075422,99.99995866,99.99976852,0,0,0,0,0,0,0,0,0
asm_khu_server_ikhppsd2,86.18943555,91.98651024,79.95138767,0,99.59145103,99.99995866,99.99976852,0,0,0,0,0,0,0,0,0
asm_khu_weightomers,0,0,0,0,0,0,0,0,0,0,0,0,0,0,0,0
asm_khu_weightometers,0,0,0,0,0,0,0,0,0,0,0,0,0,0,0,0
bcs_efm_ft_001,69.34335359,55.55861921,96.88739333,96.988846,97.99089451,99.22328682,99.94253454,99.99884261,0,0,0,0,0,0,0,0
bcs_efm_pulp_001,27.48948254,7.173427517,0,0,99.96195102,99.9996142,0,0,20.38481435,23.40166489,2.974738267,2.9862072,0,0,0,0
bol_kev_3110_lynxx_crg01,0,0,0,0,0,0,0,0,0,0,0,0,0,0,0,0
bol_kev_3110_truck_foreignobj_crg02,0,0,0,0,0,0,0,0,0,0,0,0,0,0,0,0
bol_kev_3110_truck_stats_crg01,72.38791233,0,0,0,98.02257612,0,0,0,95.51212485,92.08135397,80.10855417,0,78.10138111,64.05634743,99.88357479,0
bol_kev_3110_truck_stats_crg02,24.10449119,92.10651969,80.134165,0,99.99103634,99.98962045,99.95490662,0,95.51492643,92.07177569,80.0854065,0,78.10341333,64.06023023,99.88357479,0
bol_kev_server_kevsrvlaser01,0,0,0,0,0,0,0,0,0,0,0,0,0,0,0,0
bol_kev_server_kevsrvlaser02,94.56129918,91.48778731,79.70042583,0,99.99999665,99.99995866,99.99976852,0,0,0,0,0,0,0,0,0
celery_taskmeta,0,0,0,0,0,0,0,0,0,0,0,0,0,0,0,0
celery_tasksetmeta,0,0,0,0,0,0,0,0,0,0,0,0,0,0,0,0
connection,0,0,0,0,0,0,0,0,0,0,0,0,0,0,0,0
dag_code,0,0,0,0,0,0,0,0,0,0,0,0,0,0,0,0
dag_pickle,0,0,0,0,0,0,0,0,0,0,0,0,0,0,0,0
dag_run,0,0,0,0,0,0,0,0,0,0,0,0,0,0,0,0
dag_tag,0,0,0,0,0,0,0,0,0,0,0,0,0,0,0,0
dag,0,0,0,0,0,0,0,0,0,0,0,0,0,0,0,0
deb_nuj_ppsc01_cvpsa_001,73.6680481,69.77300421,80.08993917,0,98.7781133,99.99994739,99.99976852,0,85.14949845,92.37812383,80.0527125,0,90.66993746,93.15705135,99.99976852,0
deb_nuj_server_system_health,79.56220867,69.57375369,79.729744,0,88.87592226,93.87820607,99.99976852,0,0,0,0,0,0,0,0,0
deb_ven_cvpsa_rno_cnv001_001,75.74762931,83.25172452,77.35469417,0,95.50606395,99.99995866,99.99976852,0,41.16686247,92.23832317,79.30882367,0,93.56048704,92.12139485,96.61617435,0
deb_ven_ft_df2scn002_002_1,92.38918224,92.22803728,79.336401,0,99.99609995,99.99877634,99.99975052,0,92.31352528,92.22907528,79.31753167,0,14.47250603,25.0677087,0.723507785,0
deb_ven_ft_df2scn002_002_2,92.4002935,92.27593062,79.38269833,0,99.99610179,99.99876277,99.99976852,0,92.31255804,92.22193286,79.28924433,0,12.68197828,21.93428465,0.260266598,0
deb_ven_ft_df2scn002_002_3,92.43640492,92.28072031,79.38269933,0,99.99656301,99.99894991,99.99955952,0,92.33119032,92.23739455,79.30985167,0,14.89175028,25.8013839,0.361589343,0
deb_ven_ft_df2scn002_002,91.28987624,92.24248476,79.33678667,0,99.84418734,99.99902027,99.99958652,0,70.80007993,92.22648103,79.34404,0,39.33503752,35.23620465,0.809953125,0
exx_belf_lynxx_001,82.91452667,90.58605517,79.279974,0,98.31002131,99.96727832,99.99976852,0,83.1536801,90.55215,79.31639083,0,99.81030893,99.98691474,99.99976852,0
exx_belf_lynxx,0,0,0,0,0,0,0,0,0,0,0,0,0,0,0,0
exx_belf_server_system_health,82.90527604,90.53903245,79.261766,0,99.99999633,99.99995866,99.99976852,0,0,0,0,0,0,0,0,0
exx_ggl_0400_lynxx_001,0,0,0,0,0,0,0,0,0,0,0,0,0,0,0,0
exx_ggl_0800_lynxx_001,0,0,0,0,0,0,0,0,0,0,0,0,0,0,0,0
exx_ggl_0800_lynxx_002,0,0,0,0,0,0,0,0,0,0,0,0,0,0,0,0
exx_ggl_1000_cvpsa_001,60.4660419,0,0,0,57.17016695,0,0,0,0,0,0,0,0,0,0,0
exx_ggl_1000_cvpsa_002,0,0,0,0,0,0,0,0,0,0,0,0,0,0,0,0
exx_ggl_1000_lynxx_001,66.45025165,0,0,0,63.36928957,0,0,0,66.87824328,0,0,0,99.97673881,0,0,0
exx_ggl_1000_lynxx_002,66.46762547,0,0,0,1.084141795,0,0,0,66.87738269,0,0,0,99.99138159,0,0,0
exx_ggl_gg78_cvpsa_001,0,0,0,0,0,0,0,0,0,0,0,0,0,0,0,0
exx_ggl_pr01_cvpsa_001,49.27866914,0,0,0,0,0,0,0,60.94451811,0,0,0,94.31558647,0,0,0
exx_ggl_pr02_cvpsa_001,53.87828734,0,0,0,67.90430035,0,0,0,60.96887417,0,0,0,96.5571665,0,0,0
exx_ggl_server_ggpaapv13,66.4894633,0,0,0,99.9999952,0,0,0,0,0,0,0,0,0,0,0
exx_ggl_server_system_health,60.4803842,0,0,0,86.2954177,0,0,0,0,0,0,0,0,0,0,0
fls_rus_cvpsa_036,0,0,0,0,0,0,0,0,27.2077238,0,0,0,22.92300865,0,0,0
fls_rus_cvpsa_046,0,0,0,0,0,0,0,0,27.20718862,0,0,0,22.92277286,0,0,0
fls_rus_cvpsa_cam_036_test,0,0,0,0,0,0,0,0,0,0,0,0,0,0,0,0
fls_rus_cvpsa_cam_036,26.42291912,0,0,0,99.73096177,0,0,0,27.20731574,0,0,0,99.99998807,0,0,0
fls_rus_server_system_health,26.05656607,0,0,0,98.26750606,0,0,0,0,0,0,0,0,0,0,0
fls_slc_100_ft_001,0,0,0,0,0,0,0,0,0,0,0,0,0,0,0,0
fls_slc_server_froth,0,0,0,0,0,0,0,0,0,0,0,0,0,0,0,0
fqm_kan_1004_cvpsa_001,90.38451636,92.46528355,80.12704733,0,97.71008087,99.99995866,99.99976852,0,90.89630919,92.42217048,80.07634683,0,90.77577729,99.25102769,99.60213444,0
fqm_kan_1004_lynxx_001_300,0,0,0,0,0,0,0,0,0,0,0,0,0,0,0,0
fqm_kan_1004_lynxx_001,0,0,0,0,0,0,0,0,0,0,0,0,0,0,0,0
fqm_kan_1007_cvpsa_001,90.35332272,92.46088003,80.154185,0,93.13596532,98.77907153,99.4912177,0,84.55584497,92.46122248,80.121756,0,94.35187831,99.79349061,99.95639982,0
fqm_kan_1007_cvpsa_002,90.0835611,92.39283659,80.12776183,0,94.21896797,98.94833271,98.72156548,0,90.5943704,92.44298559,80.1679975,0,63.80184374,99.94898583,99.99976852,0
fqm_kan_1007_lynxx_001_300,0,0,0,0,0,0,0,0,0,0,0,0,0,0,0,0
fqm_kan_1007_lynxx_001,0,0,0,0,0,0,0,0,0,0,0,0,0,0,0,0
fqm_kan_1010_cvpsa_001,90.03545483,92.44447697,80.10971633,0,91.57553147,98.59362607,96.70868214,0,90.77189845,92.46706983,80.1008025,0,89.90454829,99.83694898,99.97806257,0
fqm_kan_1010_cvpsa_002,0,0,0,0,0,0,0,0,0,0,0,0,0,0,0,0
fqm_kan_1010_lynxx_001,0,0,0,0,0,0,0,0,0,0,0,0,0,0,0,0
fqm_kan_1010_lynxx_002,0,0,0,0,0,0,0,0,0,0,0,0,0,0,0,0
fqm_kan_1012_cvpsa_001,90.1319612,92.43034514,80.08743917,0,96.28435735,99.38393388,99.98991254,0,90.75849865,92.46335769,80.170414,0,68.27120783,0.253919395,0,0
fqm_kan_1012_cvpsa_002,0,0,0,0,0,0,0,0,0,0,0,0,0,0,0,0
fqm_kan_1012_lynxx_001,0,0,0,0,0,0,0,0,0,0,0,0,0,0,0,0
fqm_kan_1101_cvpsa_001,90.3548191,92.47178148,80.177951,0,98.35371204,99.94710169,99.98531535,0,90.62930611,92.46115238,80.14239583,0,78.89404704,56.55737737,99.99976852,0
fqm_kan_1101_lynxx_001_old,0,0,0,0,0,0,0,0,0,0,0,0,0,0,0,0
fqm_kan_1101_lynxx_001,0,0,0,0,0,0,0,0,0,0,0,0,0,0,0,0
fqm_kan_1101_lynxx_002_old,0,0,0,0,0,0,0,0,0,0,0,0,0,0,0,0
fqm_kan_1101_lynxx_002,0,0,0,0,0,0,0,0,0,0,0,0,0,0,0,0
fqm_kan_1101_truck_001_stats,0,0,0,0,0,0,0,0,0,0,0,0,0,0,0,0
fqm_kan_1101_truck_002_stats,0,0,0,0,0,0,0,0,0,0,0,0,0,0,0,0
fqm_kan_1101_truck_average_001,0,0,0,0,0,0,0,0,0,0,0,0,0,0,0,0
fqm_kan_1101_truck_average_002,0,0,0,0,0,0,0,0,0,0,0,0,0,0,0,0
fqm_kan_1101_truck_stats_001_old,0,0,0,0,0,0,0,0,0,0,0,0,0,0,0,0
fqm_kan_1101_truck_stats_001,89.35144451,92.45970807,80.15751083,0,97.87878467,99.99214974,99.99976852,0,90.63336788,92.7733441,80.227779,0,79.72300323,86.42131578,98.2812775,0
fqm_kan_1101_truck_stats_002_backup,0,0,0,0,0,0,0,0,0,0,0,0,0,0,0,0
fqm_kan_1101_truck_stats_002_old,0,0,0,0,0,0,0,0,0,0,0,0,0,0,0,0
fqm_kan_1101_truck_stats_002,90.37422478,92.77291817,80.15803333,0,97.90550829,99.99995866,99.99976852,0,90.6501014,92.77522766,80.20738167,0,90.54884549,93.99276133,99.24882826,0
fqm_kan_1101_truck_stats_003,0,0,0,0,0,0,0,0,0,0,0,0,0,0,0,0
fqm_kan_1101_volume_scan_stats_001,0,0,0,0,0,0,0,0,0,0,0,0,0,0,0,0
fqm_kan_1101_volume_stats_001,0,0,0,0,0,0,0,0,0,0,0,0,0,0,0,0
fqm_kan_1102_lynxx_001,0,0,0,0,0,0,0,0,0,0,0,0,0,0,0,0
fqm_kan_1201_cvpsa_001,90.23061553,92.740134,80.131275,0,90.77316739,93.74844589,94.5225432,0,90.68195902,92.76793348,80.1901625,0,91.9599254,99.86188015,99.93484187,0
fqm_kan_1201_lynxx_001_300,0,0,0,0,0,0,0,0,0,0,0,0,0,0,0,0
fqm_kan_1201_lynxx_001,0,0,0,0,0,0,0,0,0,0,0,0,0,0,0,0
fqm_kan_1201_lynxx_002,0,0,0,0,0,0,0,0,0,0,0,0,0,0,0,0
fqm_kan_1202_cvpsa_001,84.61857014,86.61203966,73.72992,0,97.58433814,99.83002623,99.69018724,0,90.69910665,92.77852876,80.144394,0,94.91408484,84.89600234,88.43678829,0
fqm_kan_1202_lynxx_001,0,0,0,0,0,0,0,0,0,0,0,0,0,0,0,0
fqm_kan_2302_cvpsa_001,89.57807603,92.75031752,80.19249067,0,93.39222665,98.32302346,97.34428747,0,90.63974195,92.80233634,80.16772333,0,92.66978472,99.75740991,99.89142997,0
fqm_kan_2302_lynxx_001,0,0,0,0,0,0,0,0,0,0,0,0,0,0,0,0
fqm_kan_2303_cvpsa_001,89.90708951,92.49260579,80.24551683,0,48.69340965,31.95376151,0,0,90.61831766,92.49361659,80.2129185,0,72.67894736,99.98703067,99.99976852,0
fqm_kan_2305_lynxx_001,0,0,0,0,0,0,0,0,0,0,0,0,0,0,0,0
fqm_kan_2306_cvpsa_001,90.08505402,92.49446183,80.17693333,0,96.8706747,99.01348536,97.36946761,0,90.10828072,92.49335041,80.18645317,0,94.84315863,99.78313736,99.9202497,0
fqm_kan_2306_lynxx_001,0,0,0,0,0,0,0,0,0,0,0,0,0,0,0,0
fqm_kan_30_ft_3001,89.38410855,92.04585093,80.22795333,0,97.8938531,99.9656195,99.9666796,0,89.56824374,91.96595797,80.15780917,0,99.99848219,99.99995866,99.99976852,0
fqm_kan_30_ft_3002,89.37765091,92.0560001,80.18230733,0,97.9677393,99.96824732,99.97188258,0,89.53294731,92.00128338,80.15767167,0,99.99263636,99.99995866,99.99976852,0
fqm_kan_30_ft_3003,89.41730084,92.04674134,80.18229583,0,97.92842616,99.96238579,99.97070459,0,89.53961409,92.00130103,80.180879,0,99.9927115,99.99995866,99.99976852,0
fqm_kan_30_ft_3004,89.36142379,92.06574676,80.228495,0,97.87694953,99.96282804,99.9667118,0,89.41390281,92.00202007,80.18178917,0,99.9926174,99.99995866,99.99976852,0
fqm_kan_30_ft_3005,89.28472368,92.0612799,80.20585433,0,97.36180025,99.95981961,99.97504658,0,89.44897191,91.97299359,80.136044,0,99.99269435,99.99995866,99.99976852,0
fqm_kan_30_ft_3006,89.24617899,92.027894,80.20565167,0,97.55267583,99.96212611,99.9631684,0,89.41303928,92.03547207,80.15979333,0,99.99270661,99.99995866,99.99976852,0
fqm_kan_333_ft_21,90.69581586,92.03212,80.13643917,0,99.61594295,99.99784256,99.99787952,0,90.54276646,92.05537655,80.23022267,0,99.76124322,99.99995866,99.99976852,0
fqm_kan_333_ft_22,90.7513769,92.04966321,80.2293125,0,99.6146193,99.99678738,99.99506933,0,90.59097832,92.04079155,80.20730417,0,99.76120818,99.99995866,99.99976852,0
fqm_kan_333_ft_23,90.77024213,92.06568497,80.25278333,0,99.61325893,99.99600006,99.99765252,0,90.599656,92.02655693,80.2302185,0,99.76119319,99.99995866,99.99976852,0
fqm_kan_333_ft_24,90.78630674,92.04161572,80.18268667,0,99.61735888,99.99653906,99.99735152,0,90.68493172,92.01554914,80.18475583,0,99.76116659,99.99995866,99.99976852,0
fqm_kan_333_ft_25,90.84623965,92.07119217,80.22980333,0,99.61304741,99.99493917,99.98864934,0,90.62212666,92.04956762,80.2314775,0,99.76115972,99.99995866,99.99976852,0
fqm_kan_333_ft_26,90.9144565,92.06607417,80.20714917,0,99.67544286,99.99823588,99.99913372,0,90.75044482,92.04581669,80.20908817,0,99.76113237,99.99995866,99.99976852,0
fqm_kan_337_ft_cc01,90.88543252,92.0901169,80.25391733,0,99.67679161,99.99084131,99.99958532,0,90.78018851,92.05602345,80.23209167,0,99.76091754,99.99995866,99.99976852,0
fqm_kan_337_ft_cc02,90.90394505,92.07978145,80.27651517,0,98.18485971,99.96555896,99.99861052,0,90.81350712,92.07530003,80.25606267,0,99.76088895,99.99995866,99.99976852,0
fqm_kan_337_ft_jc01,90.97855686,92.08831872,80.25298333,0,98.68396673,92.28549028,99.99877372,0,90.86494837,92.08018914,80.20972583,0,99.76086637,99.99995866,99.99976852,0
fqm_kan_337_ft_jc02,91.00645906,92.11801359,80.27661767,0,99.62244308,99.99526259,99.99333253,0,90.90765819,92.08775138,80.25520333,0,99.76083415,99.99995866,99.99976852,0
fqm_kan_3500_ft_023,0,0,0,0,0,0,0,0,0,0,0,0,0,0,0,0
fqm_kan_3500_ft_024,0,0,0,0,0,0,0,0,0,0,0,0,0,0,0,0
fqm_kan_3500_ft_025,0,0,0,0,0,0,0,0,0,0,0,0,0,0,0,0
fqm_kan_3500_ft_026,0,0,0,0,0,0,0,0,0,0,0,0,0,0,0,0
fqm_kan_3500_ft_027,0,0,0,0,0,0,0,0,0,0,0,0,0,0,0,0
fqm_kan_3500_ft_028,0,0,0,0,0,0,0,0,0,0,0,0,0,0,0,0
fqm_kan_35_ft_3501,89.43169511,92.11232107,80.31497183,0,9.03940098,0,0,0,89.64877982,92.08329445,80.27836733,0,99.99848102,99.99995866,99.99976852,0
fqm_kan_35_ft_3502,89.40698985,92.0942491,80.29399417,0,0,0,0,0,89.63537012,92.06887893,80.2561825,0,99.99848361,99.99995866,99.99976852,0
fqm_kan_35_ft_3541,81.70636209,48.54537876,80.2970015,0,99.38021816,99.97697174,99.99257054,0,89.66253625,92.08415031,80.27995583,0,90.70786307,52.52392954,99.99976852,0
fqm_kan_35_ft_3542,89.46117146,92.10171138,80.323114,0,94.25064717,99.98037232,99.96864799,0,89.68008246,92.09038345,80.25770317,0,99.9984835,99.99995866,99.99976852,0
fqm_kan_35_ft_3545,89.41204095,92.11967828,80.29882583,0,97.99285269,99.98900045,99.99308053,0,89.66915061,92.08923583,80.20915567,0,99.9919631,99.99995866,99.99976852,0
fqm_kan_35_ft_3546,89.26590345,92.13001934,80.323184,0,99.38065618,99.96641036,99.93825066,0,89.68434249,92.09004955,80.30269367,0,99.99173815,99.99995866,99.99976852,0
fqm_kan_3700_ft_001,88.80379266,92.14704314,80.29851667,0,98.26595801,99.99962509,99.99835252,0,89.66441485,92.07606576,80.25696167,0,97.99054477,99.99995866,99.99976852,0
fqm_kan_3700_ft_002,89.39976691,92.15491634,80.368015,0,97.77190502,99.99948527,99.99797652,0,89.61521315,92.10557621,80.25794467,0,98.94368353,99.99995866,99.99976852,0
fqm_kan_3700_ft_003,88.7412039,92.15324897,80.34506233,0,98.45198562,99.99948138,99.99794972,0,89.6410375,92.11995376,80.32905583,0,98.91480996,99.99995866,99.99976852,0
fqm_kan_3700_ft_004,88.82917976,92.15819969,80.34577833,0,99.1704783,99.99863438,99.99793052,0,89.70910312,92.13931041,80.28305067,0,98.44405627,99.99995866,99.99976852,0
fqm_kan_3700_ft_005,89.33125116,92.14521907,80.32171167,0,98.12282994,99.98450081,99.99767852,0,89.76440173,92.14932421,80.28185567,0,98.82056915,99.99995866,99.99976852,0
fqm_kan_3700_ft_006,89.44070041,91.58514538,80.3676685,0,99.4689681,99.99156617,99.99761552,0,89.76855686,92.05241207,80.30577167,0,98.70588628,99.50935387,99.99976852,0
fqm_kan_3700_pulp_001,58.62492638,31.75037821,16.06674817,0,83.85665643,89.05123749,47.99456725,0,89.85030917,92.63792997,80.38211983,0,83.77956906,99.99995866,99.99976852,0
fqm_kan_new_lynxx_test,0,0,0,0,0,0,0,0,0,0,0,0,0,0,0,0
fqm_kan_server_froth,0,0,0,0,0,0,0,0,0,0,0,0,0,0,0,0
fqm_kan_server_frothsensor,88.55266015,91.88338093,80.06983,0,99.34077992,99.99995866,99.99976852,0,0,0,0,0,0,0,0,0
fqm_kan_server_lynxx,0,0,0,0,0,0,0,0,0,0,0,0,0,0,0,0
fqm_kan_server_ml,89.36496252,92.3297019,80.03703667,0,99.99999653,99.99995866,99.99976852,0,0,0,0,0,0,0,0,0
fqm_kan_server_truck,0,0,0,0,0,0,0,0,0,0,0,0,0,0,0,0
fqm_kan_server_vm_system_health,89.59745032,92.21878983,80.06558667,0,98.20078285,99.99995866,99.99976852,0,0,0,0,0,0,0,0,0
fqm_kan_truck_003_average,0,0,0,0,0,0,0,0,0,0,0,0,0,0,0,0
fqm_kan_truck_003_detailed,0,0,0,0,0,0,0,0,0,0,0,0,0,0,0,0
fqm_kan_truck_003_stats,0,0,0,0,0,0,0,0,0,0,0,0,0,0,0,0
fqm_kan_truck_004_average,0,0,0,0,0,0,0,0,0,0,0,0,0,0,0,0
fqm_kan_truck_004_detailed,0,0,0,0,0,0,0,0,0,0,0,0,0,0,0,0
fqm_kan_truck_004_stats,0,0,0,0,0,0,0,0,0,0,0,0,0,0,0,0
fqm_kan_truck_005_stats,0,0,0,0,0,0,0,0,0,0,0,0,0,0,0,0
fqm_sen_cvpsa_311_cv_4002,0,0,0,0,0,0,0,0,0,0,0,0,0,0,0,0
fqm_sen_fqm_sen_cvpsa_311_cv_4002,0,0,0,0,0,0,0,0,0,0,0,0,0,0,0,0
fsd_liq_100_lynxx_psa002,16.32266207,0,0,0,96.0719933,0,0,0,16.31805903,0,0,0,99.99998071,0,0,0
fsd_liq_server_mje852e1vr3,16.26650237,0,0,0,99.99998071,0,0,0,0,0,0,0,0,0,0,0
gem_let_p1scrubberfeed_cvpsa_001,81.30361188,92.56749703,80.38527083,0,92.763087,99.99995866,99.99976852,0,89.44438495,92.57872052,80.3513125,0,89.99288585,99.99995866,99.99976852,0
gem_let_p1scrubberfeed_lynxx_001,0,0,0,0,0,0,0,0,0,0,0,0,0,0,0,0
gem_let_p1seccrushfeed_lynxx_001,0,0,0,0,0,0,0,0,0,0,0,0,0,0,0,0
gem_let_p2scrubberfeed_cvpsa_001,74.87112988,77.82744979,54.10071333,0,99.33281782,99.99995866,99.99976852,0,88.37202331,92.56660572,80.21653433,0,90.73452282,99.99995866,99.99976852,0
gem_let_pca_truckpsa_ave_001,0,0,0,0,0,0,0,0,0,0,0,0,0,0,0,0
gem_let_pca_truckpsa_detailed_001,0,0,0,0,0,0,0,0,0,0,0,0,0,0,0,0
gem_let_pca_truckpsa_stats_001,76.05580263,92.55146341,80.28023,0,68.06872549,96.9006737,97.06587651,0,76.34749288,92.53522014,80.22199083,0,62.3057781,71.91208563,99.99976852,0
gem_let_server_health_system_health,89.14143192,92.229766,80.10416917,0,98.88093977,99.99995866,99.99976852,0,0,0,0,0,0,0,0,0
gem_let_server_letsengsql02ld,0,0,0,0,0,0,0,0,0,0,0,0,0,0,0,0
gem_let_server_system_health,0,0,0,0,0,0,0,0,0,0,0,0,0,0,0,0
gol_cca_pulp_001,35.50199943,0,0,0,99.97425257,0,0,0,0,0,0,0,0,0,0,0
gol_cca_pulp_002,35.88334389,0,0,0,99.99999191,0,0,0,0,0,0,0,0,0,0,0
gol_cca_pulp_003,37.51513137,0,0,0,99.9989736,0,0,0,0,0,0,0,0,0,0,0
gol_cca_server_system_health,9.580397728,0,0,0,99.99996872,0,0,0,0,0,0,0,0,0,0,0
import_error,0,0,0,0,0,0,0,0,0,0,0,0,0,0,0,0
job,0,0,0,0,0,0,0,0,0,0,0,0,0,0,0,0
kio_kol_590_lynxx_001,0,0,0,0,0,0,0,0,0,0,0,0,0,0,0,0
kio_kol_593_lynxx_001,0,0,0,0,0,0,0,0,0,0,0,0,0,0,0,0
kio_kol_server_psa1,0,0,0,0,0,0,0,0,0,0,0,0,0,0,0,0
kio_kol_server_psa2,0,0,0,0,0,0,0,0,0,0,0,0,0,0,0,0
kio_sis_j141_lynxx_001,92.08278379,94.14950524,96.433166,96.38525,94.23994949,98.25624548,99.9998071,99.99884261,92.33227441,94.2157721,96.47629833,96.38824,99.99999661,99.99996009,99.9998071,99.99884261
kio_sis_j141_lynxx_002,0,0,0,0,0,0,0,0,0,0,0,0,0,0,0,0
kio_sis_j142_lynxx_001,92.14960314,94.1641069,96.38762583,96.38524,88.05550359,98.38853832,99.9998071,99.99884261,92.53270673,94.21626059,96.44327733,96.459366,99.99999661,99.99996009,99.9998071,99.99884261
kio_sis_j143_lynxx_001_checkkio_sis_j144_lynxx_001,0,0,0,0,0,0,0,0,0,0,0,0,0,0,0,0
kio_sis_j143_lynxx_001,92.2336445,94.16904769,96.43326667,96.24633,99.86112153,99.11803682,99.99580877,99.99884261,92.47090058,94.172416,96.45138917,96.52019,99.17908878,99.98749354,99.9998071,99.99884261
kio_sis_j144_lynxx_001,92.15143883,94.18776724,96.43322333,96.388695,98.92508767,99.12177751,99.9998071,99.99884261,92.56154841,94.24587138,96.44627567,96.46244,99.53526388,99.98751203,99.9998071,99.99884261
kio_sis_j153_lynxx_001,92.1802931,94.23120434,96.43392567,96.38522,98.48706168,96.32971269,99.9998071,99.99884261,92.50957498,94.18228297,96.40085183,96.463326,99.81080704,99.99996009,99.9998071,99.99884261
kio_sis_j251_lynxx_001,90.63946923,94.25395366,96.51750333,96.52755,95.37906601,99.11533458,99.99302545,99.99884261,92.25356205,94.20747452,96.438269,96.45975,98.011107,99.90459696,99.86783735,99.99884261
kio_sis_jig_server_health_truck_system_health,78.72996844,89.9210561,79.78819333,0,99.99999622,99.99995866,99.99976852,0,0,0,0,0,0,0,0,0
kio_sis_jig_truck_002_average,0,0,0,0,0,0,0,0,0,0,0,0,0,0,0,0
kio_sis_jig_truck_002_detailed,0,0,0,0,0,0,0,0,0,0,0,0,0,0,0,0
kio_sis_jig_truck_002_stats,0,0,0,0,0,0,0,0,0,0,0,0,0,0,0,0
kio_sis_jig_truckpsa_ave_001,0,0,0,0,0,0,0,0,0,0,0,0,0,0,0,0
kio_sis_jig_truckpsa_ave_002,0,0,0,0,0,0,0,0,0,0,0,0,0,0,0,0
kio_sis_jig_truckpsa_detailed_001,0,0,0,0,0,0,0,0,0,0,0,0,0,0,0,0
kio_sis_jig_truckpsa_detailed_002,0,0,0,0,0,0,0,0,0,0,0,0,0,0,0,0
kio_sis_jig_truckpsa_stats_001,0,0,0,0,0,0,0,0,0,0,0,0,0,0,0,0
kio_sis_jig_truckpsa_stats_002,0,0,0,0,0,0,0,0,0,0,0,0,0,0,0,0
kio_sis_jigeast_truckpsa_ave_001,0,0,0,0,0,0,0,0,0,0,0,0,0,0,0,0
kio_sis_jigeast_truckpsa_detailed_001,0,0,0,0,0,0,0,0,0,0,0,0,0,0,0,0
kio_sis_jigeast_truckpsa_stats_001,79.00643502,90.79893931,80.29915167,0,96.87022633,97.63963228,99.99976852,0,80.98362264,90.730031,80.27795733,0,88.93236926,99.99995866,99.99976852,0
kio_sis_jigpocket_cvpsa_001,79.21988619,90.66387893,80.20127667,0,63.11249947,16.43201871,46.33801474,0,81.15338806,90.73246245,80.17777183,0,61.59000618,94.8116137,83.24371951,0
kio_sis_jigwest_truckpsa_ave_001,0,0,0,0,0,0,0,0,0,0,0,0,0,0,0,0
kio_sis_jigwest_truckpsa_detailed_001,0,0,0,0,0,0,0,0,0,0,0,0,0,0,0,0
kio_sis_jigwest_truckpsa_stats_001,78.61820468,82.5840281,80.34315417,0,96.74515642,97.4812993,99.34541403,0,80.59465893,82.52115531,80.211116,0,88.85537193,99.99995548,99.99976852,0
kio_sis_server_akzaktuw1637,0,0,0,0,0,0,0,0,0,0,0,0,0,0,0,0
kio_sis_server_sisstone3,89.61987058,91.45414293,94.78105633,93.6169,99.99999661,99.99996009,99.9998071,99.99884261,0,0,0,0,0,0,0,0
kio_sis_test_lynxx_001,0,0,0,0,0,0,0,0,0,0,0,0,0,0,0,0
kio_sis_truck_jigeast_truckpsa_stats_001,0,0,0,0,0,0,0,0,0,0,0,0,0,0,0,0
kio_sis_weightometers,0,0,0,0,0,0,0,0,0,0,0,0,0,0,0,0
kio_sis_wspslaser_battery_001,0,0,0,0,0,0,0,0,0,0,0,0,0,0,0,0
kio_sis_wspslaser_comms_001,0,0,0,0,0,0,0,0,0,0,0,0,0,0,0,0
kio_sis_wspslaser_jmscomms_001,0,0,0,0,0,0,0,0,0,0,0,0,0,0,0,0
kio_sis_wspslaser_server_001,0,0,0,0,0,0,0,0,0,0,0,0,0,0,0,0
kio_sis_wspsspreader_comms_001,0,0,0,0,0,0,0,0,0,0,0,0,0,0,0,0
kio_sis_wspsspreader_gps_001,0,0,0,0,0,0,0,0,0,0,0,0,0,0,0,0
kio_sis_wspsspreader_jmscomms_001,0,0,0,0,0,0,0,0,0,0,0,0,0,0,0,0
kio_sis_wspsspreader_laserscan_001,0,0,0,0,0,0,0,0,0,0,0,0,0,0,0,0
kio_sis_wspsspreader_safety_001,0,0,0,0,0,0,0,0,0,0,0,0,0,0,0,0
kio_sis_wspsspreader_server_001,0,0,0,0,0,0,0,0,0,0,0,0,0,0,0,0
kio_sis_wspsviewer_comms_001,0,0,0,0,0,0,0,0,0,0,0,0,0,0,0,0
kio_sis_wspsviewer_jmscomms_001,0,0,0,0,0,0,0,0,0,0,0,0,0,0,0,0
kio_sis_wspsviewer_laserscan_001,0,0,0,0,0,0,0,0,0,0,0,0,0,0,0,0
kio_sis_wspsviewer_server_001,0,0,0,0,0,0,0,0,0,0,0,0,0,0,0,0
log,0,0,0,0,0,0,0,0,0,0,0,0,0,0,0,0
nmt_bod_cvpsa_001,57.01387724,81.48286248,26.102834,0,99.99793256,99.9999537,99.9994213,0,59.93846335,81.55808517,26.48446733,0,66.55201715,0,0,0
rbp_mas_millfeed_cvpsa_001,50.70638224,17.88353383,33.7169205,0,99.99396341,99.99988426,99.99971065,0,56.01760017,18.11443059,33.72324833,0,9.111733023,0,0,0
rbp_mas_millfeed_server_system_health,41.85287928,14.11849469,33.60648167,0,95.5179295,99.99988426,99.99971065,0,0,0,0,0,0,0,0,0
rendered_task_instance_fields,0,0,0,0,0,0,0,0,0,0,0,0,0,0,0,0
ros_ara_cvpsa_crusher_psd_001,93.88743827,96.20964638,96.67946733,96.66653,76.30158266,68.8556309,74.52833673,76.50771449,94.01688549,96.19276286,96.64353933,96.51099,87.02440456,89.98618384,87.07409603,79.09226458
ros_ara_cvpsa_cv_008,96.27664502,96.24773831,96.70624517,96.662346,99.75152343,99.76445139,98.92897416,93.57390697,96.24970604,96.19641055,96.623953,96.653694,32.37016989,8.090727447,21.33983977,70.31894612
ros_ara_truck_crusher_psd_ave_001,0,0,0,0,0,0,0,0,0,0,0,0,0,0,0,0
ros_ara_truck_crusher_psd_detailed_001,0,0,0,0,0,0,0,0,0,0,0,0,0,0,0,0
ros_ara_truck_crusher_psd_rfid_001,0,0,0,0,0,0,0,0,0,0,0,0,0,0,0,0
ros_ara_truck_crusher_psd_stats_001,0,0,0,0,0,0,0,0,93.95606604,96.26069007,96.722215,96.73694,15.93270818,2.816758918,2.728871003,1.867793782
ros_ara_truck_gantry_psd_ave_001,0,0,0,0,0,0,0,0,0,0,0,0,0,0,0,0
ros_ara_truck_gantry_psd_detailed_001,0,0,0,0,0,0,0,0,0,0,0,0,0,0,0,0
ros_ara_truck_gantry_psd_rfid_001,0,0,0,0,0,0,0,0,0,0,0,0,0,0,0,0
ros_ara_truck_gantry_psd_stats_001,0,0,0,0,0,0,0,0,93.95105425,96.27336228,96.633698,96.741234,31.53831559,0,0,0
rus_aug_crush_prod_lynxx_001,0,0,0,0,0,0,0,0,0,0,0,0,0,0,0,0
rus_aug_crushprod_lynxx_001,95.89834214,92.64446624,80.47581333,0,99.30414373,99.99995866,99.99976852,0,95.89927027,92.73494379,80.42170367,0,99.99685341,99.98889545,99.99976852,0
rus_aug_server_aughbauxitemon,95.63056896,92.48794721,80.339505,0,99.99999664,99.99995866,99.99976852,0,0,0,0,0,0,0,0,0
s3_example_lynxx_lynxx_001,0,0,0,0,0,0,0,0,0,0,0,0,0,0,0,0
s3_test_laser_lynxx_001,0,0,0,0,0,0,0,0,0,0,0,0,0,0,0,0
s3_trial_gocatorlynxx_lynxx_001,0,0,0,0,0,0,0,0,0,0,0,0,0,0,0,0
s3_trial_laserlynxx_lynxx_001,0,0,0,0,0,0,0,0,0,0,0,0,0,0,0,0
s3_trial_server_adlink,0,0,0,0,0,0,0,0,0,0,0,0,0,0,0,0
sas_scd_cv1_cvpsa_001,0,0,0,0,0,0,0,0,0,0,0,0,0,0,0,0
sas_scd_sampler_lynxx_001,0,0,0,0,0,0,0,0,0,0,0,0,0,0,0,0
sas_scd_samplerlaser_lynxx_001,0,0,0,0,0,0,0,0,0,0,0,0,0,0,0,0
sas_scd_server_saslynxx001,0,0,0,0,0,0,0,0,0,0,0,0,0,0,0,0
sas_scd_server_system_health,0,0,0,0,0,0,0,0,0,0,0,0,0,0,0,0
sensor_instance,0,0,0,0,0,0,0,0,0,0,0,0,0,0,0,0
serialized_dag,0,0,0,0,0,0,0,0,0,0,0,0,0,0,0,0
smd_kao_cv001_lynxx_001,95.69965861,96.04696821,96.475954,96.51933,99.32351227,99.99764112,99.99180711,99.97963283,96.01212494,96.04579179,96.49499517,96.33381,99.99972701,99.99996009,99.9998071,99.99884261
smd_kao_cv002_lynxx_001,95.69267708,96.07965628,96.52399733,96.381454,99.11318334,99.79278531,99.56623627,99.9219435,96.00893834,96.04914131,96.45282667,96.33686,99.99904531,99.99996009,99.9998071,99.99884261
smd_kao_cv005_lynxx_001,95.70440897,96.08265872,96.47620683,96.38818,99.80653085,99.98909665,99.9998071,99.99884261,96.01183865,96.06650897,96.46331167,96.47975,99.99999665,99.99996009,99.9998071,99.99884261
smd_kao_cv010_lynxx_001,95.71578299,96.10571628,96.4997015,96.38602,99.25652204,97.80776265,99.89878063,99.98923272,96.01670674,96.08605572,96.48999417,96.482315,99.99999665,99.99996009,99.9998071,99.99884261
smd_kao_cv015_lynxx_001,95.71884961,96.09651279,96.54771767,96.52498,99.51949938,99.94369804,99.9982071,99.98924272,96.01957802,96.06305559,96.5182875,96.48646,99.99831163,99.99996009,99.9998071,99.99884261
smd_kao_cv023_lynxx_001,95.71518337,96.12504121,96.52284917,96.519165,99.95034407,99.78134776,99.60775786,99.99884261,96.01013308,96.09265521,96.5188525,96.52191,99.99999665,99.99996009,99.9998071,99.99884261
smd_kao_cv026_lynxx_001,95.58550301,96.09197924,96.49863733,96.523415,99.66923142,99.92616012,99.64310779,99.97964283,95.65127453,96.05845959,96.47906333,96.49573,99.99977317,99.99996009,99.9998071,99.99884261
smd_kao_cv504_lynxx_001,95.71837539,96.10250217,96.47626833,96.3821,94.98063672,98.9985339,99.99499444,99.97961683,96.02202503,96.09617414,96.50578167,96.49801,99.99999665,99.99996009,99.9998071,99.99884261
smd_kao_cv504_lynxx_002,94.77712866,96.02283169,96.212765,96.5256,99.12770936,99.99972319,99.9998071,99.99884261,96.0210414,96.094823,96.498655,96.368965,99.78969648,99.99996009,99.9998071,99.99884261
smd_kao_cv513_lynxx_001,0,0,0,0,0,0,0,0,0,0,0,0,0,0,0,0
smd_kao_feed_lynxx_001,0,0,0,0,0,0,0,0,0,0,0,0,0,0,0,0
smd_kao_product_lynxx_001,0,0,0,0,0,0,0,0,0,0,0,0,0,0,0,0
smd_kao_server_lynxxserver1,0,0,0,0,0,0,0,0,0,0,0,0,0,0,0,0
smd_kao_server_lynxxserver,95.20268041,95.37867203,95.30285417,94.03241,98.61295027,99.98713734,99.9998071,99.99884261,0,0,0,0,0,0,0,0
spm_ppm_ft_300_02,79.04830575,77.40841845,65.9694115,97.33871,93.31923261,65.55494432,0,0,0,0,0,0,0,0,0,0
spm_ppm_ft_300_04,76.80956727,76.62925917,65.9694325,97.33873,93.13576104,67.0193544,0,0,0,0,0,0,0,0,0,0
spm_ppm_ft_300_06,77.02436602,76.96297541,65.96940683,97.3387,93.37809091,65.64916166,0,0,0,0,0,0,0,0,0,0
spm_ppm_ft_300_08,78.93717318,77.59021938,65.98084067,97.338715,92.90202127,64.56439214,0,0,0,0,0,0,0,0,0,0
spm_ppm_ft_300_10,76.85542152,76.75972131,65.98086067,97.338745,92.52304538,66.26310612,0,0,0,0,0,0,0,0,0,0
spm_ppm_ft_300_12,76.06737327,77.42071321,65.98662217,97.373505,92.86250239,64.72039877,0,0,0,0,0,0,0,0,0,0
spm_ppm_ft_340_02,76.78850617,77.33310976,65.99244,97.37354,93.21786166,66.21081537,0,0,0,0,0,0,0,0,0,0
spm_ppm_ft_340_04,76.91978001,77.68413631,65.99242633,97.37352,93.32670449,66.01352546,0,0,0,0,0,0,0,0,0,0
spm_ppm_ft_340_06,79.17761725,77.5135289,65.99246917,97.37358,92.68956287,66.25384739,0,0,0,0,0,0,0,0,0,0
spm_ppm_ft_340_08,76.84989165,76.90397476,65.99244417,97.37354,93.09778053,66.59235413,0,0,0,0,0,0,0,0,0,0
spm_ppm_ft_340_10,76.79903002,77.57818645,65.992453,97.37356,93.35133657,65.90658382,0,0,0,0,0,0,0,0,0,0
spm_ppm_ft_340_12,76.91168309,76.52547386,65.99246167,97.373566,92.84050839,66.43964765,0,0,0,0,0,0,0,0,0,0
spm_ppm_ft_340_14,76.84646955,75.69876407,65.99245617,97.37356,93.05861356,68.28740102,0,0,0,0,0,0,0,0,0,0
spm_ppm_ft_340_16,78.98072549,75.65856134,65.99246533,97.37357,93.04618341,65.97852363,0,0,0,0,0,0,0,0,0,0
spm_ppm_ft_340_18,74.53508958,25.57356119,65.992463,97.37357,89.95250945,0,0,0,0,0,0,0,0,0,0,0
stm_int_server_pgreplicate,0,0,0,0,0,0,0,0,0,0,0,0,0,0,0,0
task_fail,0,0,0,0,0,0,0,0,0,0,0,0,0,0,0,0
task_instance,0,0,0,0,0,0,0,0,0,0,0,0,0,0,0,0
task_reschedule,0,0,0,0,0,0,0,0,0,0,0,0,0,0,0,0
tre_rpz_ft_cleaner_001,52.61262013,0,0,0,91.74094655,0,0,0,0,0,0,0,0,0,0,0
tre_rpz_ft_rougher_001,52.44785723,0,0,0,91.66502996,0,0,0,0,0,0,0,0,0,0,0
variable,0,0,0,0,0,0,0,0,0,0,0,0,0,0,0,0
ved_gam_cv1_cvpsa_001,93.06236645,88.01381062,85.98778217,34.721928,89.54092303,99.92891369,99.9998071,99.99884261,93.54395841,88.05060238,85.98177667,34.71528,86.61732379,66.2939487,91.6506347,99.99884261
ved_gam_cv2_cvpsa_001,92.04214895,86.95112659,85.37089017,34.637566,63.23353004,0,0,0,92.69423234,88.01646755,86.04143917,34.71589,89.48247259,88.23934185,91.66766317,99.99884261
ved_gam_cv2_cvpsa_002,92.97624477,88.07134166,85.98289467,34.704254,87.97800361,99.82984409,99.74713259,98.48281015,93.54887897,88.06447359,86.04196033,34.716537,85.81942647,53.15682187,91.66768817,99.99884261
ved_gam_cv2_cvpsa_003,93.05235348,88.06941231,85.98589667,34.70698,96.50795666,99.99995866,99.9998071,99.99884261,93.54360768,88.0750631,85.98504933,34.717632,86.73375399,54.90158118,91.6505732,99.99884261
ved_gam_cv2_cvpsa_004,93.0607948,88.14038072,86.09852283,34.713017,96.50263902,99.94062076,99.99248295,99.99884261,93.55314824,88.07495528,85.9867755,34.720383,85.85626053,82.05197201,91.64465155,99.99884261
ved_gam_cv2_cvpsa_005,93.04165486,88.086796,85.98035033,34.701416,94.43428699,99.63163278,99.66382691,99.87791401,93.55613939,88.04990072,85.9877255,34.721714,83.21980865,51.23785562,91.64468322,99.99884261
ved_gam_server_system_health,92.46761597,87.50423031,85.6440975,34.51852,99.99032533,99.99995866,99.9998071,99.99884261,0,0,0,0,0,0,0,0
ved_gam_truckearly_stats_001,0,0,0,0,0,0,0,0,0,0,0,0,0,0,0,0
ved_gam_truckearly_stats_002,0,0,0,0,0,0,0,0,0,0,0,0,0,0,0,0
ved_gam_truckpsa_001_stats,0,0,0,0,0,0,0,0,0,0,0,0,0,0,0,0
ved_gam_truckpsa_002_stats,0,0,0,0,0,0,0,0,0,0,0,0,0,0,0,0
ved_gam_truckpsa_ave_001,0,0,0,0,0,0,0,0,0,0,0,0,0,0,0,0
ved_gam_truckpsa_ave_002,0,0,0,0,0,0,0,0,0,0,0,0,0,0,0,0
ved_gam_truckpsa_ave_003,0,0,0,0,0,0,0,0,0,0,0,0,0,0,0,0
ved_gam_truckpsa_ave_004,0,0,0,0,0,0,0,0,0,0,0,0,0,0,0,0
ved_gam_truckpsa_detailed_001,0,0,0,0,0,0,0,0,0,0,0,0,0,0,0,0
ved_gam_truckpsa_detailed_002,0,0,0,0,0,0,0,0,0,0,0,0,0,0,0,0
ved_gam_truckpsa_detailed_003,0,0,0,0,0,0,0,0,0,0,0,0,0,0,0,0
ved_gam_truckpsa_detailed_004,0,0,0,0,0,0,0,0,0,0,0,0,0,0,0,0
ved_gam_truckpsa_stats_001,93.22123049,88.18069055,86.1626995,34.717842,73.84094641,99.87287086,99.534088,97.79106816,93.58807718,88.15568269,86.10144817,34.696697,84.13342218,65.41428246,91.60381996,99.99884261
ved_gam_truckpsa_stats_002,93.21907509,88.17918759,86.161446,34.7135,93.99118698,99.89246585,99.53683799,97.79537811,93.57443904,88.12271572,86.097946,34.69855,79.11623076,49.24103154,91.62236993,99.99884261
ved_gam_truckpsa_stats_003,93.21133399,88.12851531,86.10561967,34.718723,77.16675291,76.95039248,84.40337818,97.79461812,93.57345552,88.14486793,86.1511095,34.700623,88.15945062,74.5232496,91.62071576,99.99884261
ved_gam_truckpsa_stats_004,93.21466269,88.13543372,86.16568,34.719173,59.55661044,0.031758199,0.012004513,0,93.56745459,88.0849699,86.09439,34.70348,84.77301834,88.23531006,91.66771317,99.99884261
ved_gam_truckvolume_scan_stats_001,0,0,0,0,0,0,0,0,0,0,0,0,0,0,0,0
ved_gam_truckvolume_scan_stats_002,0,0,0,0,0,0,0,0,0,0,0,0,0,0,0,0
ved_gam_truckvolume_stats_001,93.45225972,88.07004393,86.1189055,34.678238,10.27066416,0.11760983,0.107733647,0.100447817,93.52699354,88.0920241,86.03294417,34.695805,90.90819471,88.2387502,91.6702365,99.99884261
ved_gam_truckvolume_stats_002,93.23796554,88.03785772,86.0552275,34.678352,58.17022759,0.101775547,0.075456582,0.067072044,93.53822858,88.09314076,86.149666,34.69705,90.90896457,88.22852567,91.62317242,99.99884261
xcom,0,0,0,0,0,0,0,0,0,0,0,0,0,0,0,0
zfbs_mgn_440_ft_001,0,0,0,0,0,0,0,0,0,0,0,0,0,0,0,0
zfbs_mgn_440_ft_002,0,0,0,0,0,0,0,0,0,0,0,0,0,0,0,0
zfbs_mgn_440_ft_003,0,0,0,0,0,0,0,0,0,0,0,0,0,0,0,0
zfbs_mgn_440_ft_004,0,0,0,0,0,0,0,0,0,0,0,0,0,0,0,0
zfbs_mgn_440_ft_005,0,0,0,0,0,0,0,0,0,0,0,0,0,0,0,0
zfbs_mgn_440_ft_006,0,0,0,0,0,0,0,0,0,0,0,0,0,0,0,0
zfbs_mgn_440_ft_007,0,0,0,0,0,0,0,0,0,0,0,0,0,0,0,0
zfbs_mgn_440_ft_008,0,0,0,0,0,0,0,0,0,0,0,0,0,0,0,0
zfbs_mgn_440_ft_009,0,0,0,0,0,0,0,0,0,0,0,0,0,0,0,0
zfbs_mgn_440_ft_010,0,0,0,0,0,0,0,0,0,0,0,0,0,0,0,0
zfbs_mgn_440_ft_011,0,0,0,0,0,0,0,0,0,0,0,0,0,0,0,0
zfbs_mgn_440_ft_012,0,0,0,0,0,0,0,0,0,0,0,0,0,0,0,0
zfbs_mgn_440_ft_013_old,0,0,0,0,0,0,0,0,0,0,0,0,0,0,0,0
zfbs_mgn_440_ft_013,0,0,0,0,0,0,0,0,0,0,0,0,0,0,0,0
zfbs_mgn_440_ft_014_old,0,0,0,0,0,0,0,0,0,0,0,0,0,0,0,0
zfbs_mgn_440_ft_014,0,0,0,0,0,0,0,0,0,0,0,0,0,0,0,0
